1503635162703505,baseline3,19,13,3,2,8,-6,-22,-6
1503635162724519,baseline3,-3,4,5,13,14,9,6,8
1503635162724519,baseline3,8,-12,-10,-16,-16,-14,-16,-2
1503635162725519,baseline3,6,12,13,6,9,12,10,1
1503635162725519,baseline3,0,-15,-4,1,-9,-13,-26,-12
1503635162748534,baseline3,-3,-5,-7,-8,-12,-7,9,10
1503635162748534,baseline3,-26,36,10,3,-3,3,-10,-10
1503635162748534,baseline3,-30,-18,-11,-5,-3,-1,-1,-3
1503635162748534,baseline3,-11,-3,-8,-5,-7,-7,-14,-8
1503635162778553,baseline3,24,47,17,4,-1,10,2,2
1503635162778553,baseline3,10,11,4,9,10,-2,-4,2
1503635162778553,baseline3,12,-12,-7,-3,-7,-7,-6,2
1503635162778553,baseline3,18,19,14,12,-1,4,14,15
1503635162784558,baseline3,-22,-36,-19,-22,-3,-3,-8,-9
1503635162784558,baseline3,12,-1,-2,-1,0,0,-25,-11
1503635162785562,baseline3,-22,-4,0,-7,-10,-8,10,3
1503635162785562,baseline3,12,-1,-8,11,4,-2,-11,-3
1503635162808574,baseline3,0,1,-9,-4,-11,-13,9,1
1503635162808574,baseline3,0,-6,6,12,8,4,1,5
1503635162808574,baseline3,8,-7,-4,-3,23,21,12,6
1503635162808574,baseline3,-14,6,3,8,5,4,4,3
1503635162822583,baseline3,-24,-67,-26,-4,-11,-22,-30,-15
1503635162822583,baseline3,-10,-13,1,0,-3,-1,-5,-10
1503635162823583,baseline3,22,-2,-6,-5,-20,-4,-3,-3
1503635162823583,baseline3,8,-7,2,-1,2,5,3,9
1503635162844597,baseline3,-18,28,10,5,4,0,8,-4
1503635162844597,baseline3,18,-48,-23,-11,-9,-5,3,11
1503635162845597,baseline3,-23,-3,6,5,4,0,-11,-13
1503635162845597,baseline3,-23,-43,-13,-11,-8,-5,-4,-13
1503635162868613,baseline3,7,17,9,10,-4,-3,4,11
1503635162868613,baseline3,22,13,-3,-11,-5,5,7,2
1503635162868613,baseline3,-23,-5,-10,-2,15,-3,-11,-5
1503635162868613,baseline3,30,39,12,5,-1,5,8,10
1503635162882623,baseline3,-13,-23,-3,0,-15,-9,-3,-3
1503635162882623,baseline3,-23,7,-9,18,26,4,-8,-11
1503635162883623,baseline3,11,1,-2,-12,-19,-12,-11,0
1503635162883623,baseline3,-1,66,12,2,-1,0,-6,-8
1503635162904636,baseline3,28,41,10,-2,6,1,5,11
1503635162904636,baseline3,-18,-9,0,-6,-4,1,-1,-8
1503635162905637,baseline3,8,-2,-5,-6,-13,-11,-15,0
1503635162905637,baseline3,29,20,8,3,7,9,25,15
1503635162928653,baseline3,7,2,5,14,2,2,-10,5
1503635162928653,baseline3,5,6,-5,-19,-1,-5,-19,-5
1503635162928653,baseline3,2,3,8,10,0,19,40,13
1503635162928653,baseline3,0,7,4,-2,2,-1,-11,-6
1503635162942661,baseline3,45,11,-19,-15,2,3,3,10
1503635162942661,baseline3,-32,-15,-3,-3,-5,-6,-2,-1
1503635162943662,baseline3,-36,-52,-17,-5,-8,-12,-18,-13
1503635162943662,baseline3,0,-16,5,-1,-19,-8,-11,-6
1503635162966678,baseline3,-13,-7,-7,4,10,6,2,-4
1503635162966678,baseline3,-11,-48,-15,1,-2,2,14,3
1503635162967678,baseline3,-4,-5,1,-6,-4,-6,-7,-6
1503635162967678,baseline3,21,8,1,-1,-3,-3,-22,-10
1503635162987691,baseline3,-11,-9,1,-1,-4,2,8,4
1503635162987691,baseline3,17,11,6,3,-5,-5,4,5
1503635162988691,baseline3,-40,-17,-4,-1,-2,-2,-10,-6
1503635162988691,baseline3,12,-13,-8,1,5,9,15,7
1503635163002701,baseline3,-19,-3,7,8,-1,-5,-6,-7
1503635163002701,baseline3,25,23,7,4,2,0,7,9
1503635163003701,baseline3,11,14,-1,-13,-3,4,8,3
1503635163003701,baseline3,-2,-5,-3,1,0,-5,-12,2
1503635163024715,baseline3,-29,-31,-10,-4,0,0,-8,-15
1503635163024715,baseline3,17,21,7,5,-2,2,4,5
1503635163025716,baseline3,11,4,-5,-5,-8,-5,-1,6
1503635163025716,baseline3,-8,-33,-11,-9,0,-1,-4,-2
1503635163047730,baseline3,22,8,-3,2,4,-1,2,3
1503635163047730,baseline3,-22,-5,11,3,4,3,2,-3
1503635163048731,baseline3,23,26,0,4,5,-2,-3,2
1503635163048731,baseline3,-33,3,-2,-1,-2,2,2,-7
1503635163062740,baseline3,-1,13,11,3,-4,-2,-6,-7
1503635163062740,baseline3,10,-8,-8,-1,-4,-2,-10,-6
1503635163062740,baseline3,1,6,5,1,7,8,19,10
1503635163062740,baseline3,25,2,-2,2,0,5,14,8
1503635163085755,baseline3,-37,-25,-5,-5,-1,-4,-10,-7
1503635163085755,baseline3,-6,12,4,0,-4,-9,-24,-9
1503635163086756,baseline3,3,-7,-5,-2,-3,12,22,9
1503635163086756,baseline3,4,1,2,9,-1,-5,-6,-5
1503635163107770,baseline3,-6,6,4,0,4,10,8,4
1503635163107770,baseline3,-5,-2,-3,-10,-2,-8,-16,-4
1503635163108770,baseline3,5,-1,0,5,4,5,11,2
1503635163108770,baseline3,-14,10,5,4,4,0,-9,-3
1503635163121779,baseline3,0,4,1,-8,-4,1,10,9
1503635163121779,baseline3,13,-6,2,16,4,0,-5,1
1503635163129784,baseline3,6,9,3,-17,-3,-5,-11,-6
1503635163129784,baseline3,-17,-10,-3,4,-2,3,8,0
1503635163144795,baseline3,-1,-10,-6,3,2,-6,-18,-8
1503635163144795,baseline3,-4,2,2,-10,-5,3,5,2
1503635163145795,baseline3,29,34,11,11,-4,-4,4,16
1503635163145795,baseline3,-14,-11,-6,-9,1,2,-3,-4
1503635163167809,baseline3,11,-1,1,3,-1,4,5,1
1503635163167809,baseline3,46,30,9,7,3,16,25,18
1503635163168810,baseline3,-47,-40,-16,2,-7,-10,-9,-11
1503635163168810,baseline3,9,-3,-1,-4,4,-3,-6,3
1503635163181818,baseline3,-35,14,2,-1,-6,-4,-3,-5
1503635163181818,baseline3,-1,2,-3,-7,6,0,-2,2
1503635163189824,baseline3,-7,-23,-6,3,-4,-9,-19,-12
1503635163189824,baseline3,10,17,16,14,17,11,12,6
1503635163204834,baseline3,16,-21,-13,-2,-5,-1,-1,1
1503635163204834,baseline3,-28,13,4,3,-9,-4,5,2
1503635163205834,baseline3,7,0,3,1,3,-3,-8,3
1503635163205834,baseline3,-12,-4,-7,-7,-11,-3,-2,-5
1503635163227850,baseline3,-13,-2,2,0,-4,-10,-13,-9
1503635163227850,baseline3,2,21,10,3,2,5,2,-5
1503635163228849,baseline3,1,49,17,13,1,4,26,21
1503635163228849,baseline3,-8,-25,-12,-17,-13,-10,-13,-6
1503635163241858,baseline3,1,8,5,6,4,-3,1,5
1503635163241858,baseline3,-5,-12,-5,5,2,4,5,4
1503635163249864,baseline3,7,-4,-3,-1,-5,-7,-21,-13
1503635163249864,baseline3,12,5,2,-4,6,5,8,6
1503635163264872,baseline3,-10,-1,-8,-5,4,-1,-4,-4
1503635163264872,baseline3,-19,-22,-5,0,0,-1,-1,-1
1503635163265873,baseline3,14,-7,-9,-4,1,2,-7,-2
1503635163265873,baseline3,-3,-12,-8,-2,-10,-8,-3,-1
1503635163289889,baseline3,2,-8,-1,-5,-3,2,3,-2
1503635163289889,baseline3,-6,-10,-2,0,-3,-6,-11,-3
1503635163289889,baseline3,-2,-12,-1,5,4,0,-4,-5
1503635163289889,baseline3,0,-10,-7,4,6,6,-1,3
1503635163310903,baseline3,17,11,1,-10,-8,2,12,8
1503635163310903,baseline3,-3,1,3,10,1,-2,-1,-3
1503635163310903,baseline3,-1,-4,-6,-18,-8,-6,-1,3
1503635163310903,baseline3,3,-3,2,9,-2,-5,-7,5
1503635163324913,baseline3,-23,-17,-3,3,7,3,-9,-9
1503635163324913,baseline3,35,-5,-5,6,-11,-1,12,7
1503635163325914,baseline3,-13,-44,-19,-9,6,3,-13,-7
1503635163325914,baseline3,-4,12,0,-6,-10,-1,1,-3
1503635163347927,baseline3,-4,-12,2,5,2,-5,-4,-2
1503635163347927,baseline3,18,19,2,-4,-6,-2,1,3
1503635163348928,baseline3,-1,-1,7,12,7,3,-11,-3
1503635163348928,baseline3,11,2,-1,-2,-5,3,17,11
1503635163370943,baseline3,4,-1,-3,-1,-3,-7,-31,-15
1503635163370943,baseline3,-20,-29,-4,-4,1,-4,5,-2
1503635163370943,baseline3,11,17,1,2,0,6,15,8
1503635163370943,baseline3,-4,-8,-10,-7,-2,-7,-7,1
1503635163384951,baseline3,1,60,16,1,1,4,12,5
1503635163384951,baseline3,-14,7,3,-3,10,6,-2,-4
1503635163385953,baseline3,-8,-1,4,6,2,0,3,-3
1503635163385953,baseline3,1,23,14,11,-3,-2,-1,0
1503635163407967,baseline3,24,5,0,2,-1,-1,5,13
1503635163407967,baseline3,-23,-5,-10,-8,-5,-11,-8,-8
1503635163408967,baseline3,37,19,6,7,4,13,11,9
1503635163408967,baseline3,-28,-56,-16,-1,6,1,-7,-10
1503635163430981,baseline3,11,-2,-2,-1,-6,2,6,12
1503635163430981,baseline3,0,-2,-5,0,4,5,14,12
1503635163430981,baseline3,-14,27,22,9,1,-1,-12,-11
1503635163430981,baseline3,28,26,3,-2,-12,-10,-5,8
1503635163444991,baseline3,-5,-6,6,-3,3,14,11,2
1503635163444991,baseline3,0,-4,-10,-7,-4,-1,-10,-2
1503635163445991,baseline3,-10,13,1,-5,-7,-1,13,4
1503635163445991,baseline3,37,-1,-7,0,-2,2,1,5
1503635163468007,baseline3,-13,-11,-3,1,-4,-9,-12,-6
1503635163468007,baseline3,6,4,-16,-2,-1,6,1,2
1503635163469006,baseline3,-15,-26,-7,3,-2,-6,0,-4
1503635163469006,baseline3,-19,12,6,8,9,5,-5,-4
1503635163491021,baseline3,-9,-42,-16,-12,-7,-3,7,-2
1503635163491021,baseline3,28,17,12,6,-1,-2,-15,-2
1503635163491021,baseline3,-26,-12,-7,-1,-1,-7,-2,-5
1503635163491021,baseline3,11,-3,-2,-11,-2,-1,3,3
1503635163505031,baseline3,3,-1,0,11,2,2,3,-5
1503635163505031,baseline3,-21,-26,-2,-10,3,5,-2,-7
1503635163506031,baseline3,3,3,-6,-4,1,4,2,2
1503635163506031,baseline3,2,17,9,9,0,-3,-9,-3
1503635163528045,baseline3,-5,-13,-6,-9,-13,-10,-5,0
1503635163528045,baseline3,-6,-19,-8,-6,-4,-4,1,-5
1503635163529046,baseline3,11,-5,-4,-7,-6,-4,-18,-5
1503635163529046,baseline3,-2,-7,1,14,9,2,3,3
1503635163558065,baseline3,-7,-19,-9,-3,3,-5,-10,-5
1503635163558065,baseline3,-31,-15,2,6,1,0,-7,-5
1503635163559066,baseline3,-5,-30,-7,-5,0,2,2,-3
1503635163559066,baseline3,-15,-13,-11,-8,-13,-9,-3,-7
1503635163565069,baseline3,-9,-26,-5,9,-1,2,1,-3
1503635163565069,baseline3,16,14,-1,-17,-2,0,1,6
1503635163566072,baseline3,7,-13,-4,-8,-6,-3,0,1
1503635163566072,baseline3,-28,13,9,6,-1,-2,-9,-11
1503635163588084,baseline3,32,19,0,1,10,2,-8,2
1503635163588084,baseline3,-4,4,8,7,-2,-1,7,7
1503635163589085,baseline3,-6,5,-2,5,-1,0,-2,-4
1503635163589085,baseline3,-3,-28,-11,-7,6,2,2,-2
1503635163611099,baseline3,7,32,9,3,-5,-1,-5,4
1503635163611099,baseline3,14,14,8,15,4,2,10,9
1503635163611099,baseline3,-13,6,0,-5,-6,-8,-17,-7
1503635163611099,baseline3,-10,1,1,-4,-1,-4,-9,-6
1503635163625108,baseline3,0,23,9,10,7,8,5,1
1503635163625108,baseline3,6,24,4,2,-4,6,8,1
1503635163626109,baseline3,22,6,-4,-1,1,-2,4,7
1503635163626109,baseline3,2,-23,-12,1,-3,2,7,7
1503635163648124,baseline3,-5,7,6,-5,-1,-2,-7,1
1503635163648124,baseline3,23,2,-2,-8,-1,-1,6,8
1503635163649127,baseline3,-28,8,12,4,2,4,-5,-7
1503635163649127,baseline3,-10,5,-3,3,4,3,1,-5
1503635163670139,baseline3,-9,-15,-1,-7,-9,-5,2,0
1503635163670139,baseline3,7,-17,-10,4,4,-6,-17,-5
1503635163671139,baseline3,13,6,7,11,1,5,12,9
1503635163671139,baseline3,-18,-5,-6,-10,1,1,-10,-10
1503635163685148,baseline3,10,12,4,-2,-6,-1,13,6
1503635163685148,baseline3,-23,-1,0,-3,-2,-4,-17,-10
1503635163686149,baseline3,8,-23,-6,3,1,-8,-11,-1
1503635163686149,baseline3,10,-12,-8,-12,-5,1,-4,-1
1503635163708164,baseline3,14,6,-4,1,-1,-1,4,8
1503635163708164,baseline3,2,4,3,-1,3,4,11,3
1503635163709164,baseline3,-9,-17,-11,-3,-7,3,-4,-6
1503635163709164,baseline3,-30,-19,-7,-4,4,-5,-13,-12
1503635163730178,baseline3,-12,-36,-20,-3,-4,-4,0,-2
1503635163730178,baseline3,-2,-25,-11,-2,1,-3,-12,-6
1503635163731178,baseline3,-8,2,6,0,-4,0,3,0
1503635163731178,baseline3,20,46,15,1,-2,9,23,17
1503635163745188,baseline3,9,5,-2,-3,0,6,-6,-5
1503635163745188,baseline3,-11,2,2,10,1,-5,-9,-8
1503635163746188,baseline3,-2,-4,-3,-13,-3,-1,9,1
1503635163746188,baseline3,4,-10,-3,-2,0,-1,-6,-3
1503635163768202,baseline3,-9,-11,-7,-2,0,-1,0,-1
1503635163768202,baseline3,2,-2,3,-3,-11,-11,-9,3
1503635163769203,baseline3,11,11,-1,13,7,4,8,7
1503635163769203,baseline3,2,1,6,0,0,5,12,3
1503635163790218,baseline3,-20,8,2,0,3,3,-5,-8
1503635163790218,baseline3,-7,4,1,2,-4,1,-2,-4
1503635163791218,baseline3,4,4,2,3,-2,-5,-4,6
1503635163791218,baseline3,9,3,0,4,5,-3,-16,-2
1503635163813233,baseline3,29,19,3,-7,-4,4,9,7
1503635163813233,baseline3,-5,1,-3,-3,-7,-10,-2,1
1503635163814233,baseline3,-1,4,-1,-7,-1,5,-4,-2
1503635163814233,baseline3,-1,-6,3,3,-8,-2,7,3
1503635163828242,baseline3,4,10,2,0,5,-8,-9,-1
1503635163828242,baseline3,1,-10,7,14,-4,12,3,-3
1503635163829243,baseline3,3,9,-5,-6,10,3,-1,2
1503635163829243,baseline3,-20,-3,0,-4,-7,-8,-6,-2
1503635163850256,baseline3,15,-22,-7,6,1,4,10,14
1503635163850256,baseline3,-1,3,-2,1,-1,-4,-13,-14
1503635163851257,baseline3,0,8,14,25,1,-5,-8,0
1503635163851257,baseline3,7,4,-5,-15,8,15,21,8
1503635163865267,baseline3,-24,-4,-6,-13,-8,2,3,-5
1503635163865267,baseline3,-9,-37,-17,-7,13,5,-6,-5
1503635163866268,baseline3,1,0,5,5,-7,-9,0,4
1503635163866268,baseline3,2,-12,-6,5,7,-6,-15,-6
1503635163888282,baseline3,45,-17,-10,-4,-8,-3,1,9
1503635163888282,baseline3,-30,-48,-6,2,-3,-3,-8,-16
1503635163889282,baseline3,-14,-4,-16,-23,-16,-8,-11,-6
1503635163889282,baseline3,23,3,2,21,0,-9,-2,5
1503635163910296,baseline3,-1,11,-5,-10,-2,1,-1,0
1503635163910296,baseline3,23,14,11,3,0,1,10,9
1503635163911297,baseline3,-28,-18,-12,-6,-5,-5,-14,-12
1503635163911297,baseline3,-9,7,2,-8,-8,0,6,0
1503635163925306,baseline3,-6,1,2,8,4,5,7,9
1503635163925306,baseline3,14,34,10,9,-6,-4,1,5
1503635163925306,baseline3,39,31,8,-8,1,13,9,15
1503635163925306,baseline3,-14,-15,-1,-10,-6,-10,-15,-10
1503635163948321,baseline3,-14,-5,2,1,3,-2,-6,-10
1503635163948321,baseline3,5,20,-3,-11,-6,-3,-2,3
1503635163949321,baseline3,23,-8,-3,16,9,2,5,9
1503635163949321,baseline3,0,24,9,7,1,7,2,1
1503635163970336,baseline3,-14,-5,9,8,2,-11,-11,1
1503635163970336,baseline3,2,23,-1,-3,-7,-2,0,0
1503635163971336,baseline3,-11,-5,-1,-1,1,3,1,-7
1503635163971336,baseline3,40,25,10,-2,-3,3,12,16
1503635163985345,baseline3,-27,-23,-12,-1,-7,-8,-15,-13
1503635163985345,baseline3,-2,2,-3,5,7,8,8,0
1503635163985345,baseline3,-20,-39,-13,-7,-4,1,5,-1
1503635163985345,baseline3,0,-44,-11,1,-9,-3,-7,-5
1503635164008360,baseline3,-1,-6,-12,2,7,2,-4,-11
1503635164008360,baseline3,-14,-51,-14,-6,-6,-12,-6,-3
1503635164008360,baseline3,-14,-4,5,-9,0,2,-7,-9
1503635164008360,baseline3,7,2,-4,-6,-9,-1,17,9
1503635164031375,baseline3,2,-15,-2,0,0,1,0,4
1503635164031375,baseline3,5,23,7,8,4,1,0,7
1503635164031375,baseline3,-9,-19,-4,9,0,-7,-9,-4
1503635164031375,baseline3,0,-5,-7,-3,-3,-7,-10,-3
1503635164053390,baseline3,5,6,6,-3,-5,6,3,-6
1503635164053390,baseline3,-5,-33,-10,-17,2,5,8,7
1503635164053390,baseline3,-12,-1,-9,3,-2,-6,-9,-11
1503635164053390,baseline3,-34,-1,5,4,-1,-15,-18,-7
1503635164068400,baseline3,8,-12,-5,-1,-2,2,3,-8
1503635164068400,baseline3,-6,-17,-10,-3,-2,4,1,3
1503635164068400,baseline3,13,9,-1,0,-8,-8,1,1
1503635164068400,baseline3,17,14,-2,-10,4,0,-9,6
1503635164090414,baseline3,8,18,16,6,4,8,10,11
1503635164090414,baseline3,12,14,7,7,-3,2,13,8
1503635164091414,baseline3,-6,-13,-16,-10,5,-1,0,-1
1503635164091414,baseline3,4,32,14,10,-5,3,4,3
1503635164104423,baseline3,-3,-21,1,-7,-3,-1,2,4
1503635164104423,baseline3,-21,9,1,-8,-1,-4,-18,-14
1503635164112428,baseline3,-10,3,8,14,0,-3,-3,1
1503635164112428,baseline3,-14,-19,-9,-5,6,5,-6,-16
1503635164128441,baseline3,-10,1,1,8,5,6,8,0
1503635164128441,baseline3,18,25,2,-10,-3,-6,-13,4
1503635164128441,baseline3,0,9,5,-4,2,3,7,4
1503635164128441,baseline3,-6,-11,-5,6,3,16,16,6
1503635164150453,baseline3,6,14,5,2,-6,-2,0,8
1503635164150453,baseline3,-7,21,3,0,3,-4,-11,-9
1503635164151455,baseline3,-2,24,15,7,-4,-2,0,4
1503635164151455,baseline3,11,7,-5,2,14,6,2,3
1503635164164462,baseline3,9,23,-7,-12,-6,-1,-1,3
1503635164164462,baseline3,-2,-23,-10,1,-4,-2,1,-1
1503635164172468,baseline3,6,1,3,-8,-7,-9,-13,-7
1503635164172468,baseline3,-18,-7,3,14,7,11,10,4
1503635164188478,baseline3,14,14,5,5,-2,-4,-2,8
1503635164188478,baseline3,-13,-16,-6,1,1,2,-1,-5
1503635164188478,baseline3,4,-2,-5,-4,-2,-5,-1,-5
1503635164188478,baseline3,29,10,0,-2,-1,2,5,7
1503635164210493,baseline3,-35,-53,-12,-2,-5,-5,-5,-6
1503635164210493,baseline3,23,-11,1,4,-5,-5,-6,3
1503635164211494,baseline3,-5,6,1,1,8,5,9,2
1503635164211494,baseline3,6,14,-4,-5,-8,-5,1,5
1503635164224502,baseline3,-1,6,3,2,7,-2,-11,-7
1503635164224502,baseline3,-26,-5,-2,-1,-7,-2,6,2
1503635164232507,baseline3,7,14,7,4,5,11,6,1
1503635164232507,baseline3,28,-13,-11,-6,-4,-2,-5,-1
1503635164248518,baseline3,-5,12,11,4,0,-8,-3,4
1503635164248518,baseline3,-33,-9,-3,3,0,-4,-10,-12
1503635164249518,baseline3,22,-6,-5,-1,-2,-4,-2,8
1503635164249518,baseline3,3,9,3,2,-4,-7,-13,-6
1503635164270532,baseline3,-9,8,1,-4,-6,7,-2,-6
1503635164270532,baseline3,17,12,7,8,7,2,2,6
1503635164271532,baseline3,12,-17,-6,-3,0,2,9,5
1503635164271532,baseline3,-17,-12,-1,2,-1,-3,-3,1
1503635164284541,baseline3,15,19,3,11,2,8,4,1
1503635164284541,baseline3,-6,10,-1,-7,-5,1,17,6
1503635164292546,baseline3,6,13,-5,-22,-5,8,3,6
1503635164292546,baseline3,7,13,12,2,-16,-10,-3,4
1503635164308557,baseline3,-36,-7,-13,0,19,-2,-14,-13
1503635164308557,baseline3,23,18,7,0,-3,3,1,6
1503635164308557,baseline3,-19,-5,-1,19,12,2,1,0
1503635164308557,baseline3,-16,-20,-9,-8,-6,-6,3,-4
1503635164330571,baseline3,16,-3,-4,1,-8,-1,4,0
1503635164330571,baseline3,-24,-21,-3,0,-1,0,-16,-18
1503635164331572,baseline3,6,-3,3,-3,-4,-15,-38,-10
1503635164331572,baseline3,-11,-28,-14,1,6,14,17,1
1503635164344581,baseline3,-7,4,5,11,-8,-6,3,0
1503635164344581,baseline3,-1,1,1,-3,4,10,20,11
1503635164352586,baseline3,10,-21,-12,-19,-10,-4,-11,-4
1503635164352586,baseline3,-27,-24,-11,-5,8,0,-8,-6
1503635164367595,baseline3,42,63,22,0,0,-4,-4,16
1503635164367595,baseline3,-10,16,-1,-6,-4,3,5,-2
1503635164374601,baseline3,-15,-20,-2,13,-4,-5,0,2
1503635164374601,baseline3,6,13,7,0,0,-3,1,1
1503635164390610,baseline3,-16,-23,-8,-2,-6,-2,3,-4
1503635164390610,baseline3,5,-5,7,26,6,1,0,11
1503635164391611,baseline3,1,21,-1,-23,-3,-5,-22,-12
1503635164391611,baseline3,2,28,0,-2,-2,-6,-4,0
1503635164413626,baseline3,3,4,-4,1,-1,4,3,0
1503635164413626,baseline3,2,-2,0,3,-3,-4,-4,-2
1503635164413626,baseline3,-9,-13,4,10,-1,0,12,1
1503635164413626,baseline3,-7,2,7,1,-5,3,6,7
1503635164427635,baseline3,-6,-6,-10,-13,9,-5,-16,-13
1503635164427635,baseline3,4,-16,-11,-9,2,1,-1,1
1503635164428635,baseline3,-5,-38,-12,1,-6,0,3,2
1503635164428635,baseline3,1,-41,-14,-3,-1,-3,-5,-8
1503635164450650,baseline3,-9,-2,10,6,-2,-3,0,5
1503635164450650,baseline3,-4,-7,-9,-6,-3,4,-2,-5
1503635164451650,baseline3,-27,-9,1,7,-2,0,9,-2
1503635164451650,baseline3,12,-2,-4,-7,-4,3,-2,4
1503635164480669,baseline3,-4,-15,-9,8,-8,-3,8,4
1503635164480669,baseline3,21,34,12,-17,13,2,-11,-2
1503635164481670,baseline3,-13,-7,-1,10,3,10,18,2
1503635164481670,baseline3,11,13,3,6,2,-2,-4,5
1503635164487676,baseline3,10,6,3,2,-8,3,5,6
1503635164487676,baseline3,-4,-10,-2,-6,-4,-6,-2,6
1503635164488675,baseline3,17,38,6,-2,3,-1,-5,-3
1503635164488675,baseline3,-14,-5,2,9,-3,-4,-2,-6
1503635164510689,baseline3,27,29,2,-7,13,9,2,7
1503635164510689,baseline3,-24,-18,-6,8,-2,-3,2,0
1503635164511690,baseline3,2,7,-2,2,-2,0,-7,-1
1503635164511690,baseline3,-22,-25,-4,-12,-3,-3,-3,-4
1503635164540709,baseline3,19,45,16,8,-9,-7,5,15
1503635164540709,baseline3,-1,26,4,-3,5,10,-4,-13
1503635164541710,baseline3,-7,-15,-13,-6,-3,0,6,-3
1503635164541710,baseline3,5,13,8,7,3,0,-6,-1
1503635164547714,baseline3,10,-24,-4,8,6,-2,-6,2
1503635164547714,baseline3,7,-2,1,-3,-4,-5,-9,2
1503635164547714,baseline3,8,8,1,2,1,4,5,6
1503635164547714,baseline3,-3,4,-1,-2,-5,-5,-4,-3
1503635164570729,baseline3,-22,-23,-9,-7,-6,1,-3,-7
1503635164570729,baseline3,22,5,-4,7,-9,-8,0,4
1503635164571731,baseline3,-34,-33,-9,2,-5,-2,-13,-16
1503635164571731,baseline3,-37,-64,-16,0,1,-1,-5,-11
1503635164592743,baseline3,0,20,2,-13,2,-1,-1,2
1503635164592743,baseline3,22,-13,-12,1,-6,1,6,1
1503635164593744,baseline3,8,15,14,11,-1,-2,5,10
1503635164593744,baseline3,6,-34,-18,-15,-4,2,-4,-1
1503635164607753,baseline3,19,-3,-8,-6,-7,-4,2,4
1503635164607753,baseline3,-34,-9,4,1,-7,-10,-15,-11
1503635164607753,baseline3,24,-17,-7,-1,10,17,10,0
1503635164607753,baseline3,12,31,9,3,-1,-2,-13,-3
1503635164630768,baseline3,-14,-31,-9,3,6,8,15,0
1503635164630768,baseline3,23,15,0,6,2,-3,4,10
1503635164631769,baseline3,2,8,4,-10,-1,-6,-8,5
1503635164631769,baseline3,17,29,2,2,-1,1,-3,-1
1503635164652783,baseline3,-32,-22,4,2,-3,-6,-9,-7
1503635164652783,baseline3,0,-19,-9,15,8,2,7,1
1503635164653783,baseline3,6,46,6,-13,-3,3,6,4
1503635164653783,baseline3,2,13,8,2,0,-1,4,3
1503635164667792,baseline3,-19,-9,-6,-13,-13,-4,-5,2
1503635164667792,baseline3,31,9,2,1,3,-8,1,7
1503635164667792,baseline3,-23,-29,-1,13,6,17,9,-10
1503635164667792,baseline3,10,40,6,5,5,-3,-12,-1
1503635164690808,baseline3,10,17,5,2,0,3,3,0
1503635164690808,baseline3,-18,3,7,8,0,1,4,2
1503635164691808,baseline3,-7,7,-3,-6,-6,-12,-9,3
1503635164691808,baseline3,3,15,6,3,1,4,7,3
1503635164712822,baseline3,-17,-29,-3,1,-1,2,-1,-4
1503635164712822,baseline3,-2,8,-2,-6,-6,0,-1,-1
1503635164714823,baseline3,35,12,3,0,1,-6,-7,7
1503635164714823,baseline3,-30,-6,4,8,-4,-1,4,-5
1503635164726831,baseline3,1,-2,-8,14,12,-2,-10,-3
1503635164726831,baseline3,-39,-38,-20,-36,-11,-2,-6,-17
1503635164735838,baseline3,-23,0,6,8,-1,-4,-8,-4
1503635164735838,baseline3,8,3,7,-6,0,11,23,11
1503635164750847,baseline3,31,10,-1,-1,0,-5,-9,3
1503635164750847,baseline3,6,21,10,9,10,12,9,3
1503635164751848,baseline3,3,-13,-7,-11,-6,-4,-1,0
1503635164751848,baseline3,22,14,-3,7,2,-4,-2,4
1503635164772861,baseline3,-8,-2,1,-2,-1,-4,-6,-2
1503635164772861,baseline3,11,-16,-1,4,1,12,12,11
1503635164774862,baseline3,-11,-26,-12,0,-7,-13,-16,-7
1503635164774862,baseline3,1,-21,-18,-8,-4,1,-4,-6
1503635164786870,baseline3,7,1,3,4,2,1,0,-5
1503635164786870,baseline3,-17,-34,-10,-16,-6,0,5,5
1503635164795876,baseline3,-5,-2,-2,15,-1,-5,3,-6
1503635164795876,baseline3,-9,-3,2,-9,-5,-2,-12,-5
1503635164810886,baseline3,-9,-9,-12,-5,0,3,-7,-8
1503635164810886,baseline3,14,13,3,12,-8,-14,-9,6
1503635164811887,baseline3,6,7,-1,-11,2,5,12,3
1503635164811887,baseline3,-9,-9,2,6,1,-8,-16,-6
1503635164832900,baseline3,1,-15,-5,-3,1,3,0,-4
1503635164832900,baseline3,-13,-1,3,5,5,1,-6,-5
1503635164834902,baseline3,16,-4,-6,-7,-6,3,22,15
1503635164834902,baseline3,23,20,4,6,3,1,-5,5
1503635164846909,baseline3,-15,-7,-4,-11,-4,-1,1,-4
1503635164846909,baseline3,-6,15,8,18,4,-2,-4,3
1503635164855915,baseline3,1,-8,-4,-8,3,2,-10,-3
1503635164855915,baseline3,-2,0,7,10,5,2,8,-2
1503635164870925,baseline3,20,-5,-4,-8,-1,7,7,13
1503635164870925,baseline3,2,46,16,13,1,6,7,7
1503635164871926,baseline3,13,11,-8,-15,4,-8,-21,-7
1503635164871926,baseline3,-52,-43,-15,-5,-8,3,12,-5
1503635164892940,baseline3,-11,-7,5,6,-2,-4,-7,-8
1503635164892940,baseline3,-2,-5,-4,-19,-3,-2,-2,-3
1503635164894942,baseline3,15,-1,0,9,1,8,11,12
1503635164894942,baseline3,29,17,4,-3,-2,-4,-3,3
1503635164906949,baseline3,-29,-9,3,2,-6,-6,-7,-7
1503635164906949,baseline3,8,-5,-5,0,2,5,3,-2
1503635164915955,baseline3,12,14,3,2,-1,1,12,15
1503635164915955,baseline3,-12,-16,-12,-4,-1,-1,-9,-18
1503635164930965,baseline3,7,-2,11,11,-3,1,6,4
1503635164930965,baseline3,-4,-3,-13,-2,-2,-6,-12,-7
1503635164931965,baseline3,-4,19,4,-1,-2,-1,-3,-1
1503635164931965,baseline3,23,10,-6,-6,15,13,19,18
1503635164952980,baseline3,3,8,-1,-5,4,7,7,4
1503635164952980,baseline3,11,-1,0,-22,-6,-9,-13,-6
1503635164954981,baseline3,-11,15,12,16,1,0,2,3
1503635164954981,baseline3,-1,-25,-11,-3,-8,-6,-3,-2
1503635164966989,baseline3,18,30,4,3,2,-2,-9,-5
1503635164966989,baseline3,0,-20,3,4,-1,0,-5,-1
1503635164975994,baseline3,-6,-14,-6,-5,-4,-5,-1,1
1503635164975994,baseline3,-3,10,9,5,0,2,-4,-3
1503635164991005,baseline3,-2,-2,-4,2,4,-5,-4,-1
1503635164991005,baseline3,4,-9,4,6,-6,0,1,-1
1503635164992005,baseline3,10,21,2,1,8,5,-2,-2
1503635164992005,baseline3,-16,-27,-10,-7,-7,-9,-7,0
1503635165013019,baseline3,10,9,0,4,-1,5,11,8
1503635165013019,baseline3,2,16,9,3,8,-1,-5,-2
1503635165015021,baseline3,-1,-4,-6,-10,-6,-3,-4,0
1503635165015021,baseline3,3,2,2,8,2,-1,-3,2
1503635165027029,baseline3,-25,-11,-4,-7,-9,-3,0,-3
1503635165027029,baseline3,-5,-5,5,0,-3,0,2,6
1503635165036035,baseline3,-3,-34,-11,3,-3,6,-3,-11
1503635165036035,baseline3,0,20,12,5,8,-2,-9,2
1503635165051043,baseline3,-4,-23,-13,5,-2,-9,-12,-8
1503635165051043,baseline3,-42,-11,-5,-6,-3,10,4,-3
1503635165052045,baseline3,-7,29,16,9,3,-3,1,1
1503635165052045,baseline3,1,-4,-9,-10,-10,-3,4,4
1503635165073057,baseline3,4,-1,2,5,6,1,-6,-2
1503635165073057,baseline3,12,11,-5,-1,-2,3,8,4
1503635165075059,baseline3,-2,-16,-3,1,2,2,5,5
1503635165075059,baseline3,-7,-1,3,4,-4,-6,-11,-2
1503635165087068,baseline3,48,31,9,1,3,5,19,21
1503635165087068,baseline3,-11,-11,-14,-7,-6,-3,-15,-20
1503635165096073,baseline3,-72,-46,-6,2,5,0,-15,-20
1503635165096073,baseline3,-12,-33,-13,-7,-9,-5,-6,-8
1503635165111083,baseline3,-10,-12,-4,-11,-8,-2,-1,4
1503635165111083,baseline3,43,21,6,3,-3,4,12,14
1503635165112083,baseline3,-9,23,13,24,17,-5,-1,-7
1503635165112083,baseline3,5,30,2,-21,-1,8,5,11
1503635165133098,baseline3,-1,1,-2,0,-1,1,-7,-7
1503635165133098,baseline3,17,11,4,6,5,-4,-3,8
1503635165135099,baseline3,4,-8,-7,-11,-18,-14,-14,-2
1503635165135099,baseline3,11,-1,3,10,4,8,6,2
1503635165147107,baseline3,7,38,2,1,4,3,-1,3
1503635165147107,baseline3,-15,-15,-3,0,1,-3,-1,-3
1503635165156112,baseline3,4,1,-3,-5,-6,1,-1,2
1503635165156112,baseline3,-1,-13,-1,3,-4,-5,1,6
1503635165170122,baseline3,-9,-7,5,3,-3,1,-3,-7
1503635165170122,baseline3,7,21,0,3,1,-1,-5,2
1503635165172123,baseline3,-11,-10,-2,-8,-5,-4,1,1
1503635165172123,baseline3,-10,1,8,11,1,-2,-2,-7
1503635165193137,baseline3,-10,-9,-4,-10,-1,6,7,1
1503635165193137,baseline3,3,-44,-12,-1,3,-5,-9,-6
1503635165195138,baseline3,5,4,-2,-1,-1,10,15,5
1503635165195138,baseline3,-9,15,16,11,3,-5,-7,-2
1503635165207146,baseline3,-13,-10,-6,-6,-11,-7,12,1
1503635165207146,baseline3,-25,-15,-5,-5,-3,2,0,-5
1503635165216153,baseline3,16,-21,-16,-13,-2,-2,3,7
1503635165216153,baseline3,3,5,2,4,-1,0,-6,-5
1503635165231162,baseline3,-13,-11,-2,2,0,-3,-12,-10
1503635165231162,baseline3,2,23,10,2,0,1,6,10
1503635165232163,baseline3,16,-2,4,12,8,10,21,12
1503635165232163,baseline3,-23,-8,-8,-8,-4,-5,-15,-16
1503635165253179,baseline3,3,-31,-4,1,2,-6,-15,-5
1503635165253179,baseline3,-13,-15,-12,-6,-5,3,5,-4
1503635165255179,baseline3,7,10,8,0,-8,-7,-14,-3
1503635165255179,baseline3,32,11,-6,4,9,4,7,11
1503635165267185,baseline3,-4,1,-4,-12,-5,-7,-5,-7
1503635165267185,baseline3,5,3,5,8,9,7,7,7
1503635165276191,baseline3,-34,-15,-7,-2,-7,1,0,-15
1503635165276191,baseline3,16,11,-2,-4,-1,6,17,13
1503635165298205,baseline3,-26,-33,-11,6,-7,-8,-15,-9
1503635165298205,baseline3,10,-19,-9,-8,0,-3,-6,-1
1503635165300207,baseline3,26,-5,-10,-4,0,-4,-4,5
1503635165300207,baseline3,8,-12,-5,-4,-4,4,9,2
1503635165313215,baseline3,-13,-4,-3,3,5,3,-7,-9
1503635165313215,baseline3,14,14,-1,-6,-14,-9,-9,0
1503635165314217,baseline3,-3,-8,-5,6,4,-5,-5,-2
1503635165314217,baseline3,-13,-4,2,5,-1,-3,-12,-5
1503635165327224,baseline3,25,8,-3,-3,3,9,12,10
1503635165327224,baseline3,-20,-10,2,5,2,-2,-6,-7
1503635165335230,baseline3,-2,7,5,-1,-6,-4,0,1
1503635165335230,baseline3,20,47,6,-7,0,1,6,8
1503635165350239,baseline3,3,12,10,3,7,2,5,6
1503635165350239,baseline3,-4,-14,-9,4,-2,-4,-7,-10
1503635165352241,baseline3,23,34,10,11,-7,-6,-10,7
1503635165352241,baseline3,-32,-32,-8,-11,9,5,5,-2
1503635165373255,baseline3,11,7,-1,-1,-4,1,1,-2
1503635165373255,baseline3,-31,-4,-8,-6,-4,-3,-9,-10
1503635165374256,baseline3,1,-10,0,-2,0,0,7,4
1503635165374256,baseline3,4,-6,-1,6,-2,-1,-4,-2
1503635165395269,baseline3,9,0,2,4,-2,0,3,4
1503635165395269,baseline3,18,2,-2,0,-2,-6,-10,-2
1503635165397270,baseline3,18,13,1,-2,-1,-2,-1,2
1503635165397270,baseline3,-5,-8,-5,1,-2,5,14,7
1503635165410280,baseline3,-19,-5,-4,-2,-1,-4,-11,-12
1503635165410280,baseline3,7,32,15,6,-1,-4,-8,3
1503635165412281,baseline3,-23,-33,-13,-5,-2,2,-9,-10
1503635165412281,baseline3,18,-1,2,0,-3,-5,0,3
1503635165433295,baseline3,-21,2,4,8,2,6,8,2
1503635165433295,baseline3,7,16,-3,-14,0,4,4,4
1503635165434296,baseline3,-11,-38,-10,0,2,1,-1,-1
1503635165434296,baseline3,12,10,-3,8,5,-2,0,6
1503635165455310,baseline3,0,9,0,-6,-4,0,-3,-2
1503635165455310,baseline3,2,9,13,11,1,0,3,4
1503635165457311,baseline3,19,16,3,-3,-2,0,0,-2
1503635165457311,baseline3,-18,-25,-18,-1,0,-2,-4,2
1503635165470318,baseline3,-23,-23,1,1,-2,0,8,2
1503635165470318,baseline3,-11,-7,-3,-1,5,2,-5,-9
1503635165472320,baseline3,-5,16,9,0,-1,-5,-9,0
1503635165472320,baseline3,24,-1,-6,-3,-7,-5,-11,-8
1503635165493334,baseline3,10,24,12,9,2,3,5,5
1503635165493334,baseline3,-14,-6,4,3,1,2,11,5
1503635165494335,baseline3,20,18,4,4,0,3,4,8
1503635165494335,baseline3,-3,-7,5,-2,1,2,1,-1
1503635165515349,baseline3,-8,-12,-15,-10,-8,-8,-12,-3
1503635165515349,baseline3,14,-14,-1,4,4,6,10,7
1503635165517349,baseline3,-22,7,0,-4,1,-3,-11,-10
1503635165517349,baseline3,-14,-22,-7,-11,-7,-2,-4,-1
1503635165530357,baseline3,9,-13,-5,-1,-3,-3,1,3
1503635165530357,baseline3,5,-6,-5,-1,4,-1,-1,1
1503635165536362,baseline3,1,-1,1,12,3,1,-3,3
1503635165536362,baseline3,10,14,0,-12,-4,-2,-14,-5
1503635165553374,baseline3,7,-14,5,9,4,0,-1,1
1503635165553374,baseline3,-30,-16,-9,-3,-7,-5,-5,-10
1503635165554375,baseline3,-27,-24,0,3,5,1,2,-3
1503635165554375,baseline3,-5,12,12,8,0,2,8,2
1503635165575387,baseline3,14,10,-9,-10,-2,1,-4,8
1503635165575387,baseline3,-9,-16,4,9,-7,0,8,4
1503635165577388,baseline3,11,10,-10,-15,-1,3,-4,-6
1503635165577388,baseline3,-4,25,3,8,1,0,2,3
1503635165590397,baseline3,1,33,9,8,2,0,8,2
1503635165590397,baseline3,18,5,-3,-5,-4,-2,-15,-5
1503635165596401,baseline3,-9,17,10,1,-8,-3,2,-1
1503635165596401,baseline3,-21,-7,3,3,3,-2,-10,-8
1503635165613412,baseline3,0,-6,-6,-1,0,2,7,-2
1503635165613412,baseline3,61,34,13,9,3,2,11,23
1503635165614412,baseline3,9,-45,-24,-13,0,1,-16,-15
1503635165614412,baseline3,-23,0,6,8,2,-2,5,-3
1503635165635428,baseline3,21,5,-4,-7,-2,0,1,5
1503635165635428,baseline3,-1,-5,-3,-8,-7,-8,-4,1
1503635165637429,baseline3,-5,-37,-14,-3,-2,0,-2,-1
1503635165637429,baseline3,1,-5,-5,7,-3,-6,2,3
1503635165650437,baseline3,-31,-17,-1,-4,4,6,-6,-12
1503635165650437,baseline3,26,12,-1,5,-1,-4,-2,0
1503635165656441,baseline3,12,15,1,-3,7,9,14,12
1503635165656441,baseline3,7,0,5,4,-5,-10,-20,-9
1503635165673451,baseline3,-3,-15,-11,-3,-8,-10,-1,1
1503635165673451,baseline3,-12,-6,-7,-8,-3,5,2,-3
1503635165674452,baseline3,-9,-1,2,2,-3,0,1,2
1503635165674452,baseline3,14,14,7,3,4,8,16,11
1503635165695466,baseline3,13,13,16,13,7,-5,-17,-4
1503635165695466,baseline3,-13,-11,-2,-5,7,11,14,1
1503635165697467,baseline3,-30,9,1,-1,-15,-15,-10,-5
1503635165697467,baseline3,13,-9,-11,-1,13,12,11,7
1503635165710476,baseline3,9,-12,-7,-10,-4,-4,-6,1
1503635165710476,baseline3,-38,-27,-9,11,3,-6,-12,-10
1503635165716481,baseline3,16,21,10,-9,-3,2,1,-2
1503635165716481,baseline3,0,-34,-18,-8,-4,-1,-11,-4
1503635165733492,baseline3,9,-12,-14,-1,-1,-5,3,0
1503635165733492,baseline3,-18,-10,-2,3,-1,-2,-5,-3
1503635165734492,baseline3,-2,-2,-1,1,1,0,3,7
1503635165734492,baseline3,11,-1,1,3,-3,-2,-7,-1
1503635165755506,baseline3,-11,-3,-2,-2,1,2,2,-1
1503635165755506,baseline3,9,8,1,-3,-5,4,11,7
1503635165757508,baseline3,4,-45,-13,-1,-6,-7,-6,-5
1503635165757508,baseline3,-24,-11,-3,-6,1,4,6,4
1503635165769516,baseline3,8,5,3,7,-1,1,-14,-5
1503635165769516,baseline3,-11,19,8,10,2,-3,-14,-2
1503635165776520,baseline3,-9,-19,-7,-13,-6,0,-10,-12
1503635165776520,baseline3,-6,-20,-6,0,-4,-10,-3,-2
1503635165793530,baseline3,9,2,-2,-1,0,8,7,8
1503635165793530,baseline3,-27,-24,-12,-11,-7,-7,-5,-9
1503635165794532,baseline3,12,20,12,11,6,5,12,11
1503635165794532,baseline3,5,32,12,6,1,4,-1,3
1503635165815545,baseline3,-2,1,3,-2,-3,-3,3,-1
1503635165815545,baseline3,8,-17,-7,-4,-9,-9,-9,-6
1503635165817547,baseline3,6,12,3,2,0,-4,-2,6
1503635165817547,baseline3,-27,-13,-4,-6,1,8,4,-9
1503635165829555,baseline3,-6,-8,4,3,-1,-4,-8,-3
1503635165829555,baseline3,16,28,10,-1,2,2,4,7
1503635165836558,baseline3,-1,21,6,7,4,2,-2,-1
1503635165836558,baseline3,12,3,10,8,-5,-7,-5,1
1503635165853569,baseline3,-5,-35,-16,-12,-3,5,8,3
1503635165853569,baseline3,0,0,-2,-6,1,4,-1,1
1503635165854570,baseline3,1,5,-3,-3,-3,-2,-5,1
1503635165854570,baseline3,14,11,-1,6,2,0,7,4
1503635165875584,baseline3,-23,3,5,5,-1,-5,-3,-4
1503635165875584,baseline3,14,49,5,4,13,6,11,9
1503635165877585,baseline3,9,17,7,5,0,3,-5,-4
1503635165877585,baseline3,-19,16,3,-2,-3,-2,-3,-6
1503635165889594,baseline3,5,10,1,6,-6,-7,-9,-1
1503635165889594,baseline3,-2,-18,-6,-7,2,1,4,11
1503635165898600,baseline3,22,3,-1,3,2,13,28,14
1503635165898600,baseline3,5,56,6,-2,-3,-11,-21,-6
1503635165913609,baseline3,3,11,1,2,3,5,7,3
1503635165913609,baseline3,-30,-18,-1,4,-6,-3,-4,-5
1503635165915610,baseline3,0,12,8,0,0,-11,-18,-10
1503635165915610,baseline3,-8,-23,-5,2,1,12,23,8
1503635165935624,baseline3,5,14,13,-5,0,6,-3,4
1503635165935624,baseline3,22,19,-9,1,-6,-7,-11,1
1503635165937625,baseline3,14,-12,-8,-2,6,4,12,3
1503635165937625,baseline3,-31,-25,-11,-4,-5,-7,-12,-14
1503635165949632,baseline3,0,9,5,2,3,1,0,0
1503635165949632,baseline3,3,-36,-2,5,-2,1,1,-7
1503635165958639,baseline3,-12,5,-1,0,0,-2,-5,-1
1503635165958639,baseline3,24,20,10,5,-2,-4,1,8
1503635165972647,baseline3,7,-1,-7,-4,-3,1,2,1
1503635165972647,baseline3,8,-2,3,0,5,1,-3,1
1503635165974650,baseline3,-4,-6,-7,-2,0,8,14,14
1503635165974650,baseline3,9,-31,-9,-7,-4,-5,-17,-12
1503635165995663,baseline3,-30,-20,-6,-8,-12,-15,-14,-16
1503635165995663,baseline3,-4,-7,-4,2,6,7,3,-2
1503635165997664,baseline3,-34,-20,1,7,-3,2,5,-10
1503635165997664,baseline3,11,-21,-9,-12,-3,0,1,9
1503635166009672,baseline3,1,9,1,-2,4,0,-4,0
1503635166009672,baseline3,0,7,-1,-1,-2,-2,3,-2
1503635166018678,baseline3,6,6,-6,3,0,2,-6,2
1503635166018678,baseline3,-14,-10,2,6,-2,-6,6,-1
1503635166032687,baseline3,16,3,-3,-4,-1,-4,-8,1
1503635166032687,baseline3,16,-13,-9,-2,-3,-5,-10,-1
1503635166034689,baseline3,-13,-28,-9,-9,-4,4,0,-5
1503635166034689,baseline3,-7,-11,-8,-1,2,-4,-4,-5
1503635166055703,baseline3,13,1,-3,2,2,5,10,4
1503635166055703,baseline3,-14,18,16,14,-4,1,5,2
1503635166057704,baseline3,-19,-9,-4,-13,-2,-6,-8,-2
1503635166057704,baseline3,4,22,7,6,9,9,1,0
1503635166069711,baseline3,13,16,6,11,2,0,6,7
1503635166069711,baseline3,15,3,0,-21,-12,-1,0,4
1503635166078718,baseline3,-14,-15,-8,6,3,-4,-8,-11
1503635166078718,baseline3,-22,-15,0,2,0,-1,-9,-7
1503635166092727,baseline3,-7,-25,-14,3,-1,-5,-3,0
1503635166092727,baseline3,5,14,6,-2,-6,3,4,7
1503635166094729,baseline3,24,14,0,4,2,2,-5,4
1503635166094729,baseline3,-7,-34,-11,-6,-7,2,9,2
1503635166115741,baseline3,2,29,7,6,3,-2,-9,-1
1503635166115741,baseline3,7,-1,2,0,-1,-2,-2,0
1503635166116742,baseline3,6,0,1,1,3,5,11,8
1503635166116742,baseline3,11,5,5,0,-9,-8,-20,-8
1503635166129751,baseline3,-49,-35,-12,3,3,-1,-1,-10
1503635166129751,baseline3,6,18,-3,-9,0,0,3,0
1503635166137756,baseline3,9,7,5,4,2,-1,-2,5
1503635166137756,baseline3,-7,16,14,9,3,1,2,1
1503635166152766,baseline3,10,10,3,-20,-11,-1,7,7
1503635166152766,baseline3,-3,-15,-5,5,7,-5,-7,-2
1503635166154767,baseline3,-9,-16,-7,-1,-8,-8,-12,-13
1503635166154767,baseline3,14,-7,-3,-1,-7,-9,-14,0
1503635166175781,baseline3,-18,-36,-19,-1,2,12,16,0
1503635166175781,baseline3,-8,-16,1,5,0,2,6,4
1503635166176781,baseline3,7,22,6,0,-3,-2,-8,-7
1503635166176781,baseline3,14,13,-1,-2,6,3,10,15
1503635166189790,baseline3,-15,-2,-2,0,0,-2,-12,-14
1503635166189790,baseline3,7,-14,-4,9,-2,-2,-6,-2
1503635166197795,baseline3,17,13,4,-19,-11,2,8,7
1503635166197795,baseline3,-11,-3,-7,-3,2,7,5,-1
1503635166219810,baseline3,10,-21,-4,-1,-4,-4,-2,6
1503635166219810,baseline3,-10,3,-3,-2,-1,-2,-2,-1
1503635166227816,baseline3,-8,-11,5,16,3,-12,-14,-8
1503635166227816,baseline3,26,16,-6,-13,-4,11,12,5
1503635166235820,baseline3,-10,17,19,7,6,2,1,2
1503635166235820,baseline3,1,8,3,1,-1,4,3,0
1503635166236822,baseline3,8,-9,-12,-1,-1,-7,1,10
1503635166236822,baseline3,11,-1,6,2,-2,5,-2,-4
1503635166248828,baseline3,-9,3,-1,2,0,0,-3,-3
1503635166248828,baseline3,12,7,1,-1,0,1,6,5
1503635166257834,baseline3,-31,-16,-3,0,-1,-5,-8,-6
1503635166257834,baseline3,-12,-11,1,10,-2,-10,-14,-11
1503635166272846,baseline3,39,34,4,-9,0,6,12,17
1503635166272846,baseline3,-34,-13,3,3,-13,-12,-14,-17
1503635166275846,baseline3,19,4,-1,3,21,14,15,12
1503635166275846,baseline3,-38,-19,-10,-4,-11,-7,-16,-12
1503635166295860,baseline3,11,-4,-8,-2,4,0,-9,-5
1503635166295860,baseline3,8,-8,-3,-2,1,5,8,3
1503635166296860,baseline3,-17,38,13,7,1,-1,0,4
1503635166296860,baseline3,23,9,1,0,-5,-8,1,11
1503635166317874,baseline3,-33,-8,2,4,6,4,6,-6
1503635166317874,baseline3,10,13,-3,-8,-2,4,-6,0
1503635166319876,baseline3,-10,-16,-1,0,-8,-4,-3,-6
1503635166319876,baseline3,-8,-9,-11,-10,-2,-6,0,-1
1503635166332883,baseline3,10,21,4,7,-5,-3,1,8
1503635166332883,baseline3,2,7,0,-6,2,-2,-1,2
1503635166334886,baseline3,-31,-36,-7,-8,-4,-4,-16,-18
1503635166334886,baseline3,36,28,10,3,1,5,10,10
1503635166355899,baseline3,3,12,5,1,-4,-3,-3,3
1503635166355899,baseline3,-36,-1,-5,4,7,-2,-3,-12
1503635166356899,baseline3,-4,6,0,0,-4,3,4,9
1503635166356899,baseline3,-14,-6,-4,-4,2,4,2,-6
1503635166377913,baseline3,16,-13,-6,-1,-5,-4,-4,-3
1503635166377913,baseline3,8,0,1,9,0,-4,-5,2
1503635166379914,baseline3,7,6,2,-5,-7,-4,-6,-6
1503635166379914,baseline3,-6,-2,-8,1,10,9,6,2
1503635166392923,baseline3,6,-11,1,2,-1,-1,1,6
1503635166392923,baseline3,-19,-11,-4,-2,-3,-1,-6,-5
1503635166394925,baseline3,4,-4,-6,7,-4,-5,-5,-3
1503635166394925,baseline3,-2,-22,-10,-15,0,3,5,2
1503635166415938,baseline3,15,32,15,3,1,4,3,7
1503635166415938,baseline3,11,-2,-10,1,5,0,4,4
1503635166421943,baseline3,22,21,10,12,-2,-1,-1,9
1503635166421943,baseline3,-71,-32,-11,-12,1,1,4,-13
1503635166437952,baseline3,-6,-39,-13,-4,-3,-2,-4,-5
1503635166437952,baseline3,15,18,2,-9,-6,-5,2,5
1503635166439954,baseline3,4,0,0,4,-1,-9,-17,-10
1503635166439954,baseline3,32,19,4,4,-3,0,3,9
1503635166452963,baseline3,-16,6,1,-3,-4,-1,-2,-1
1503635166452963,baseline3,-13,5,2,3,3,2,-1,-2
1503635166454965,baseline3,-4,3,0,-4,-5,-5,2,1
1503635166454965,baseline3,10,9,12,7,0,-4,-13,-6
1503635166475978,baseline3,0,1,-1,5,1,1,-7,-9
1503635166475978,baseline3,4,-5,2,-17,-2,4,-1,0
1503635166476978,baseline3,4,-3,-11,-3,-1,4,9,7
1503635166476978,baseline3,-6,3,-1,-3,-2,-1,-2,0
1503635166497992,baseline3,-9,-11,-5,0,-3,-5,-4,0
1503635166497992,baseline3,18,4,3,9,1,-1,4,3
1503635166499993,baseline3,-10,-7,-1,-3,3,11,12,7
1503635166499993,baseline3,14,4,-2,2,-2,-4,-5,-2
1503635166512002,baseline3,-5,-1,0,3,-1,0,-4,6
1503635166512002,baseline3,-25,-11,-3,-1,-2,-1,4,-5
1503635166519006,baseline3,9,11,2,-2,3,5,1,-2
1503635166519006,baseline3,11,2,3,8,-1,-4,1,8
1503635166536018,baseline3,4,11,2,-5,1,-4,-11,-2
1503635166536018,baseline3,11,6,2,5,2,9,4,3
1503635166537018,baseline3,-10,-36,-14,-2,-3,0,1,-9
1503635166537018,baseline3,-12,-12,-3,-1,2,-4,-4,-5
1503635166558032,baseline3,14,8,1,-3,-8,-5,1,2
1503635166558032,baseline3,-34,-24,-3,1,5,1,-2,0
1503635166560033,baseline3,25,62,24,14,15,7,3,7
1503635166560033,baseline3,-3,-12,-8,-1,1,7,8,5
1503635166572041,baseline3,0,-4,-5,-14,-6,-1,-1,-1
1503635166572041,baseline3,3,-6,-5,7,3,-5,-14,-8
1503635166579045,baseline3,-24,-23,-6,-8,-15,-17,-16,-11
1503635166579045,baseline3,17,-7,0,6,0,4,18,11
1503635166596057,baseline3,-17,6,5,10,16,12,-3,-5
1503635166596057,baseline3,-12,-18,-10,-8,-10,-8,-10,-5
1503635166597057,baseline3,18,0,-2,-2,0,-3,-2,-2
1503635166597057,baseline3,-23,-14,-5,0,-5,5,14,-3
1503635166618071,baseline3,14,-32,-7,2,-6,-1,10,6
1503635166618071,baseline3,-5,6,2,3,2,4,1,2
1503635166620072,baseline3,-8,3,0,-2,1,1,5,4
1503635166620072,baseline3,21,18,9,0,-3,-6,-12,6
1503635166632080,baseline3,7,0,-3,-2,-2,0,-7,-7
1503635166632080,baseline3,-44,-31,-5,12,6,-4,-9,-16
1503635166639084,baseline3,20,28,3,-3,4,4,10,11
1503635166639084,baseline3,20,-18,-4,-2,-1,-1,-3,0
1503635166656096,baseline3,-56,-8,5,6,-5,-10,-19,-20
1503635166656096,baseline3,42,30,4,-9,-5,2,1,10
1503635166657097,baseline3,-32,-21,-3,6,2,1,1,-3
1503635166657097,baseline3,17,16,-2,-13,-3,-1,-2,2
1503635166678110,baseline3,21,-9,-6,-1,1,-1,7,6
1503635166678110,baseline3,16,18,4,4,2,2,3,12
1503635166680111,baseline3,18,2,3,-1,-1,8,8,5
1503635166680111,baseline3,-4,16,1,1,-2,-3,-4,6
1503635166692119,baseline3,-1,-19,-8,2,0,6,12,3
1503635166692119,baseline3,-10,-6,-4,-14,-8,-6,-14,-12
1503635166699124,baseline3,3,17,4,-1,-1,-4,-3,5
1503635166699124,baseline3,-11,8,8,3,0,1,-8,-5
1503635166716135,baseline3,11,12,-7,-1,-1,0,2,1
1503635166716135,baseline3,12,0,-4,6,-6,-4,-7,0
1503635166717136,baseline3,-9,-21,-6,-13,2,2,-4,-3
1503635166717136,baseline3,21,9,-2,4,-6,-5,0,0
1503635166738150,baseline3,-2,51,17,3,5,4,11,16
1503635166738150,baseline3,-22,-25,-6,0,0,-3,-7,-9
1503635166740152,baseline3,-13,-25,-22,-14,-5,-5,-1,1
1503635166740152,baseline3,0,12,4,4,-1,3,9,8
1503635166752159,baseline3,6,-23,-3,-2,-7,-13,-24,-17
1503635166752159,baseline3,-8,0,-2,-2,2,9,6,-5
1503635166759163,baseline3,-9,4,-3,1,0,-4,-6,-7
1503635166759163,baseline3,2,1,-1,3,1,-3,-2,4
1503635166776174,baseline3,5,-5,-7,-8,-3,-5,-5,-2
1503635166776174,baseline3,-14,-44,-9,-7,-5,3,13,4
1503635166777176,baseline3,5,0,-2,8,-4,-1,-10,-3
1503635166777176,baseline3,-15,-4,3,1,5,0,-14,-10
1503635166798189,baseline3,5,2,-3,2,-1,0,11,6
1503635166798189,baseline3,8,11,7,-3,0,-2,1,3
1503635166799189,baseline3,-11,13,5,11,-1,0,5,-2
1503635166799189,baseline3,-10,-2,-1,-11,-7,-6,-7,-2
1503635166812198,baseline3,20,11,-5,-8,7,2,-3,6
1503635166812198,baseline3,-16,12,14,2,2,4,12,8
1503635166821204,baseline3,32,22,2,6,-5,1,4,5
1503635166821204,baseline3,-60,-31,-6,8,8,-3,-19,-24
1503635166835213,baseline3,-12,-7,6,0,5,12,6,0
1503635166835213,baseline3,8,8,5,0,-1,-3,6,8
1503635166837214,baseline3,-16,-37,-17,-8,-10,-11,-22,-17
1503635166837214,baseline3,4,-14,-8,0,-3,1,4,-2
1503635166858228,baseline3,18,22,14,4,2,7,10,12
1503635166858228,baseline3,9,-9,-13,-1,-4,-6,-7,-4
1503635166860230,baseline3,-52,-29,-2,-1,-1,0,-1,-6
1503635166860230,baseline3,21,17,11,2,2,5,4,8
1503635166872237,baseline3,-6,20,-5,1,-5,-7,0,1
1503635166872237,baseline3,-12,17,6,9,6,-4,-12,-7
1503635166881243,baseline3,27,25,8,-4,-1,1,0,3
1503635166881243,baseline3,-19,15,0,-1,2,2,0,-3
1503635166895253,baseline3,6,-25,-21,-7,2,0,-9,2
1503635166895253,baseline3,4,2,6,3,0,1,3,-3
1503635166897254,baseline3,19,9,4,2,-2,0,3,11
1503635166897254,baseline3,30,9,2,7,-4,-1,4,8
1503635166918268,baseline3,-18,-10,-10,-3,-4,-5,-10,-11
1503635166918268,baseline3,-8,-9,-2,3,7,6,6,-1
1503635166920269,baseline3,0,-9,5,1,6,3,1,3
1503635166920269,baseline3,21,-33,-13,-10,-8,-4,-1,0
1503635166931276,baseline3,-47,-52,-19,-4,-6,-6,-5,-8
1503635166931276,baseline3,15,-22,-11,-8,-9,-9,-4,7
1503635166941283,baseline3,21,14,-6,5,0,3,0,-6
1503635166941283,baseline3,5,12,15,6,7,4,9,8
1503635166955292,baseline3,-9,-11,-7,-2,-7,-1,-3,-9
1503635166955292,baseline3,-2,16,8,7,6,4,-7,-2
1503635166957293,baseline3,6,-14,-1,1,-3,-3,-2,4
1503635166957293,baseline3,-10,7,-12,-16,-7,-4,-5,-4
1503635166978306,baseline3,10,0,8,5,12,10,16,13
1503635166978306,baseline3,-14,-18,0,-2,-8,-3,-8,-11
1503635166980308,baseline3,12,19,-1,-4,2,-1,-4,-6
1503635166980308,baseline3,-22,-17,1,5,0,-1,-7,7
1503635166992316,baseline3,6,22,17,10,-5,-5,0,0
1503635166992316,baseline3,33,-18,-23,-6,3,6,5,6
1503635167001323,baseline3,-19,-2,-5,1,4,-2,-5,-3
1503635167001323,baseline3,9,2,-3,0,-2,4,16,18
1503635167015331,baseline3,0,18,9,-4,-7,-4,-21,-28
1503635167015331,baseline3,13,14,4,3,-3,-2,-4,1
1503635167017332,baseline3,-6,-15,-1,-4,-1,-1,2,4
1503635167017332,baseline3,-10,-1,-3,14,-1,-7,-3,-7
1503635167038346,baseline3,1,-9,1,-15,-5,-4,-2,7
1503635167038346,baseline3,25,30,4,3,2,3,11,11
1503635167039346,baseline3,-4,6,7,-1,0,6,6,7
1503635167039346,baseline3,-4,-8,7,5,-2,-7,-13,-8
1503635167051355,baseline3,-34,-38,-3,15,7,3,3,-3
1503635167051355,baseline3,-6,19,3,-11,-4,-3,-1,0
1503635167060361,baseline3,17,29,-3,8,1,0,5,11
1503635167060361,baseline3,-25,-19,4,-11,2,2,-8,-15
1503635167075371,baseline3,14,14,-16,-1,8,2,4,2
1503635167075371,baseline3,12,26,15,3,-6,-1,6,16
1503635167077373,baseline3,-10,-19,-2,-5,1,-2,-8,-6
1503635167077373,baseline3,-12,15,-1,8,5,4,3,-8
1503635167098386,baseline3,34,39,25,-3,-6,2,4,12
1503635167098386,baseline3,-22,-45,-23,-2,0,-3,-6,-6
1503635167099386,baseline3,16,0,-4,1,-2,5,18,15
1503635167099386,baseline3,3,2,2,-3,-1,-9,-19,-15
1503635167111395,baseline3,-18,-17,-10,3,-2,-6,-5,-5
1503635167111395,baseline3,2,24,10,-1,-2,6,7,0
1503635167120400,baseline3,-1,-9,-10,2,-2,-4,-3,-8
1503635167120400,baseline3,19,-12,1,1,3,5,3,9
1503635167143416,baseline3,0,0,1,0,2,6,4,3
1503635167143416,baseline3,-34,-47,-25,-9,-10,-11,-13,-11
1503635167144416,baseline3,-3,3,14,-7,0,0,-6,-7
1503635167144416,baseline3,16,-27,-37,-3,-7,-9,6,8
1503635167158426,baseline3,-3,-3,-5,0,4,4,5,2
1503635167158426,baseline3,18,6,0,4,0,0,-2,1
1503635167159426,baseline3,-16,-8,-6,-7,-8,-4,-8,-3
1503635167159426,baseline3,5,5,11,7,0,7,10,2
1503635167171434,baseline3,19,-15,4,-1,-4,-3,1,8
1503635167171434,baseline3,-30,7,-13,-3,1,4,0,-7
1503635167180440,baseline3,16,-8,10,-9,-10,-5,-4,1
1503635167180440,baseline3,-32,-12,-6,-8,0,2,-5,-13
1503635167195450,baseline3,-18,10,3,-4,-5,-9,-15,-13
1503635167195450,baseline3,22,3,-7,11,2,-2,-3,0
1503635167197452,baseline3,4,-42,-21,-3,10,3,4,4
1503635167197452,baseline3,25,16,5,3,-4,-2,6,12
1503635167218464,baseline3,-21,-36,2,-1,-11,-10,-7,-7
1503635167218464,baseline3,7,-9,2,-4,3,5,0,-9
1503635167219465,baseline3,-21,0,7,10,1,-2,-8,-1
1503635167219465,baseline3,20,12,-13,-8,-5,-1,-3,7
1503635167231473,baseline3,-1,5,-6,2,3,-1,2,4
1503635167231473,baseline3,2,13,26,9,7,8,9,11
1503635167240480,baseline3,-13,1,-6,-4,-11,-6,5,-10
1503635167240480,baseline3,7,6,-7,0,1,0,-3,10
1503635167255488,baseline3,20,22,-1,1,2,4,0,7
1503635167255488,baseline3,20,9,-2,3,2,-1,0,3
1503635167257490,baseline3,-14,-53,-9,2,-5,-4,-13,4
1503635167257490,baseline3,-14,41,38,3,-2,1,1,-12
1503635167278503,baseline3,15,-18,-29,0,3,-3,1,7
1503635167278503,baseline3,-46,4,22,3,3,4,7,1
1503635167279504,baseline3,6,13,-8,-12,0,-1,-6,-10
1503635167279504,baseline3,18,45,14,3,7,3,1,12
1503635167300518,baseline3,-4,4,8,4,0,1,0,-3
1503635167300518,baseline3,-23,-25,-12,-5,-3,-3,-3,-5
1503635167302519,baseline3,23,16,3,5,-5,-8,-2,6
1503635167302519,baseline3,-18,-48,-6,1,-4,2,3,-10
1503635167315527,baseline3,13,23,11,5,3,5,-6,1
1503635167315527,baseline3,14,12,1,-5,-6,-12,-10,7
1503635167317529,baseline3,-14,-9,2,6,2,5,8,4
1503635167317529,baseline3,-8,-27,-25,-5,1,6,-2,-10
1503635167338543,baseline3,-18,-14,0,1,-5,-5,-1,-3
1503635167338543,baseline3,-29,-66,-25,-9,-9,-9,-14,-16
1503635167339544,baseline3,19,17,7,3,5,5,6,15
1503635167339544,baseline3,-7,-14,-6,2,3,-1,-2,-8
1503635167360557,baseline3,-10,-14,6,-8,-7,-1,-2,-3
1503635167360557,baseline3,35,-13,-21,-1,4,4,2,7
1503635167362559,baseline3,-27,-6,-11,-13,-7,-3,0,-1
1503635167362559,baseline3,-41,-14,-2,6,3,-1,-1,-2
1503635167375567,baseline3,-10,0,4,8,-7,-10,-6,-3
1503635167375567,baseline3,32,37,20,3,7,14,12,5
1503635167377569,baseline3,12,16,6,1,3,3,5,-1
1503635167377569,baseline3,24,13,-6,-2,-1,-2,-13,3
1503635167398582,baseline3,-27,-12,0,-6,-3,-3,4,-4
1503635167398582,baseline3,-8,-18,-1,8,-2,-8,-5,1
1503635167399583,baseline3,14,27,13,11,6,0,-5,-5
1503635167399583,baseline3,-27,-21,-4,-15,-11,-4,-13,-6
1503635167420597,baseline3,36,19,-12,-1,3,3,2,9
1503635167420597,baseline3,4,40,17,4,-1,1,7,11
1503635167422599,baseline3,-19,-12,-5,2,0,3,5,-5
1503635167422599,baseline3,7,18,11,7,3,-4,-3,-4
1503635167434606,baseline3,10,-5,-6,-6,1,10,8,5
1503635167434606,baseline3,9,9,1,4,-1,-3,-6,3
1503635167449617,baseline3,17,4,2,1,1,1,0,-4
1503635167449617,baseline3,-6,10,-5,4,1,0,-2,9
1503635167457622,baseline3,-11,1,17,4,-4,-1,-8,-10
1503635167457622,baseline3,-20,29,-3,0,3,-7,-2,0
1503635167459622,baseline3,3,22,17,13,3,5,3,-3
1503635167459622,baseline3,18,-36,-19,-12,-2,-2,-4,-2
1503635167480636,baseline3,-18,-6,-10,-2,-2,3,3,-2
1503635167480636,baseline3,-24,-5,3,6,-3,-3,-3,-6
1503635167482637,baseline3,-8,-6,2,-3,6,1,6,2
1503635167482637,baseline3,14,-4,3,11,0,3,14,13
1503635167494646,baseline3,58,67,11,-5,3,5,-5,9
1503635167494646,baseline3,-15,-23,-14,-13,-10,-12,-14,-8
1503635167501650,baseline3,17,1,-5,0,-5,2,-4,7
1503635167501650,baseline3,-41,-15,3,5,-1,1,13,-6
1503635167517661,baseline3,-9,-19,0,4,4,2,5,-2
1503635167517661,baseline3,7,18,8,8,4,13,11,4
1503635167519662,baseline3,18,-17,-10,-5,-3,-5,-4,12
1503635167519662,baseline3,13,19,8,-7,-9,-4,-7,-4
1503635167540676,baseline3,-9,-10,-3,5,2,0,-3,-5
1503635167540676,baseline3,-15,-23,-9,-8,-1,0,-3,-6
1503635167542678,baseline3,-1,24,4,3,-2,-4,-4,-1
1503635167542678,baseline3,10,-3,-13,-9,-3,1,-6,11
1503635167554685,baseline3,4,11,12,10,-3,-6,-3,0
1503635167554685,baseline3,26,-2,0,0,3,2,-2,6
1503635167561689,baseline3,-20,-8,-10,5,1,1,-5,-7
1503635167561689,baseline3,1,-13,-3,-4,-5,-5,-3,-6
1503635167577700,baseline3,-8,-12,-1,-1,0,0,-4,0
1503635167577700,baseline3,2,-21,-11,-7,-9,2,14,10
1503635167579702,baseline3,8,7,5,-4,1,-4,-7,-5
1503635167579702,baseline3,4,1,1,10,5,-1,4,4
1503635167600715,baseline3,-13,-14,-1,-4,0,0,1,1
1503635167600715,baseline3,-8,-15,-14,-5,-6,-6,-13,-15
1503635167601716,baseline3,-31,-39,-12,-6,-6,-2,2,0
1503635167601716,baseline3,5,4,7,3,-3,-7,-5,1
1503635167614724,baseline3,23,16,0,0,3,6,9,12
1503635167614724,baseline3,9,32,20,4,-3,-3,1,0
1503635167621731,baseline3,4,-7,-15,2,0,-4,-20,-9
1503635167621731,baseline3,-6,-8,-3,-8,1,2,0,-1
1503635167637739,baseline3,-35,-25,-9,0,-9,-7,2,-2
1503635167637739,baseline3,39,30,8,2,10,5,-10,9
1503635167639748,baseline3,-17,-7,-3,0,-2,0,3,-1
1503635167639748,baseline3,-13,2,1,2,2,1,3,-1
1503635167660755,baseline3,-27,-24,-23,-11,-4,1,0,-5
1503635167660755,baseline3,17,2,-11,-7,-7,-8,-7,1
1503635167661755,baseline3,-1,5,5,-1,1,5,4,-1
1503635167661755,baseline3,-14,-5,2,2,0,1,2,-2
1503635167674764,baseline3,20,12,7,3,0,0,-6,4
1503635167674764,baseline3,-13,18,15,4,2,1,5,-1
1503635167681768,baseline3,17,9,-2,2,0,0,2,11
1503635167681768,baseline3,17,-3,-4,-8,-6,-3,-4,-2
1503635167697779,baseline3,-18,7,-7,3,1,0,-6,-3
1503635167697779,baseline3,-17,17,14,10,4,-1,-5,-8
1503635167699780,baseline3,2,-5,-4,-7,-4,-1,1,-2
1503635167699780,baseline3,7,-4,-4,3,2,7,9,1
1503635167720794,baseline3,22,-7,-4,0,-2,-5,1,4
1503635167720794,baseline3,5,-4,3,2,3,1,2,5
1503635167721795,baseline3,-22,5,4,-6,-8,-1,-6,-7
1503635167721795,baseline3,2,25,-7,-6,3,1,-2,1