1503635152682936,baseline3,-2,-5,-1,0,-1,-1,-1,-1
1503635152698949,baseline3,-1,1,0,1,0,-1,0,0
1503635152698949,baseline3,-3,-3,-2,0,-2,-2,-1,-1
1503635152699949,baseline3,0,-1,1,0,0,1,0,1
1503635152699949,baseline3,0,-2,-3,-1,-1,0,-2,-1
1503635152720961,baseline3,-1,-3,-2,0,0,-1,-3,-2
1503635152720961,baseline3,0,0,1,-1,-1,1,1,1
1503635152721962,baseline3,-1,-2,-1,0,1,0,0,0
1503635152721962,baseline3,1,0,0,-1,-2,-1,-3,0
1503635152733969,baseline3,1,1,0,-1,-2,-3,0,0
1503635152733969,baseline3,-1,-6,-3,0,1,1,-1,-1
1503635152742975,baseline3,-3,-3,0,-2,-1,0,-1,0
1503635152742975,baseline3,1,7,0,0,-1,-1,-2,1
1503635152757985,baseline3,-1,-2,-1,-1,-2,0,-1,0
1503635152757985,baseline3,-1,1,0,1,-1,-2,-1,1
1503635152759986,baseline3,1,3,0,-1,-1,1,-1,0
1503635152759986,baseline3,-1,-2,0,0,-1,-1,-1,0
1503635152788005,baseline3,-1,-4,-1,0,-1,0,0,-1
1503635152788005,baseline3,-3,-5,-3,-1,-1,-1,-1,-2
1503635152790006,baseline3,0,-3,-2,1,-1,0,-1,0
1503635152790006,baseline3,0,-1,-1,-1,-2,-2,-1,0
1503635152794016,baseline3,0,0,-1,1,-2,0,-1,-1
1503635152794016,baseline3,-3,-2,-1,0,-1,1,-1,0
1503635152803015,baseline3,0,-1,-2,0,-1,-1,-2,-1
1503635152803015,baseline3,-2,-2,0,0,1,0,-2,1
1503635152818026,baseline3,0,0,0,-1,-1,0,-1,0
1503635152818026,baseline3,1,0,0,-1,-2,-1,2,0
1503635152820026,baseline3,-1,-4,-1,0,-1,-3,-3,-2
1503635152820026,baseline3,0,-1,0,-1,-1,-1,-1,1
1503635152841039,baseline3,-2,-4,-2,0,0,-1,-2,0
1503635152841039,baseline3,-6,-12,-4,-2,-2,-2,-2,-2
1503635152842040,baseline3,2,6,1,1,0,0,-1,1
1503635152842040,baseline3,-2,-2,-1,1,-1,0,0,0
1503635152854048,baseline3,0,-1,-1,0,0,-2,-1,-1
1503635152854048,baseline3,-1,-2,-1,-1,-1,-2,-1,0
1503635152863054,baseline3,-2,-4,-1,0,1,-2,-1,0
1503635152863054,baseline3,-1,-1,-2,-1,0,0,0,-2
1503635152878064,baseline3,-2,-2,-2,0,0,1,-1,1
1503635152878064,baseline3,2,6,3,1,0,0,-1,1
1503635152880066,baseline3,-2,-2,-1,0,-2,-1,0,0
1503635152880066,baseline3,0,1,-1,-1,-2,-2,0,0
1503635152908084,baseline3,-1,-3,-2,-2,-1,-1,-1,0
1503635152908084,baseline3,0,1,1,0,0,1,0,-1
1503635152910085,baseline3,0,-1,-3,1,0,0,-2,-1
1503635152910085,baseline3,-1,-3,-2,0,-1,0,0,0
1503635152914088,baseline3,-1,1,-2,-1,-2,-1,-4,0
1503635152914088,baseline3,-1,-1,-2,-1,-1,-1,-2,1
1503635152923093,baseline3,1,0,0,-1,-1,1,-1,0
1503635152923093,baseline3,-1,-4,-2,1,0,-1,-1,1
1503635152938104,baseline3,4,14,2,2,0,0,1,2
1503635152938104,baseline3,1,1,0,1,-1,-1,-2,-1
1503635152940105,baseline3,-2,0,0,0,0,1,1,0
1503635152940105,baseline3,1,0,0,1,0,-1,-2,-2
1503635152961119,baseline3,-2,-6,-1,0,-3,-1,-1,-1
1503635152961119,baseline3,-1,-1,-2,-1,-1,0,0,2
1503635152962119,baseline3,-1,0,0,-1,-1,0,0,1
1503635152962119,baseline3,-3,-4,-2,-1,-1,-1,-4,-2
1503635152974127,baseline3,0,-3,-2,0,0,1,-1,1
1503635152974127,baseline3,-1,-2,-1,-1,-2,0,-1,-1
1503635152984134,baseline3,0,-4,-1,-1,-2,-1,-3,-1
1503635152984134,baseline3,0,0,0,1,0,0,1,-1
1503635152998144,baseline3,1,2,0,1,0,0,-1,0
1503635152998144,baseline3,-1,0,0,-1,0,-1,-2,0
1503635153000145,baseline3,-2,-3,-2,-1,1,0,0,0
1503635153000145,baseline3,1,-1,0,0,-1,0,-1,1
1503635153020158,baseline3,1,-3,0,-2,-1,-1,-1,-2
1503635153020158,baseline3,0,0,-1,0,-2,-2,-2,-1
1503635153022158,baseline3,0,0,-2,0,0,-1,0,0
1503635153022158,baseline3,-2,-1,-2,0,-2,0,-1,0
1503635153043172,baseline3,-3,-9,-3,0,-2,0,1,-1
1503635153043172,baseline3,5,12,3,1,0,2,0,2
1503635153045173,baseline3,-2,-2,-1,0,0,0,-1,-1
1503635153045173,baseline3,-1,-1,-1,1,0,1,0,1
1503635153058182,baseline3,-1,-1,-2,0,-1,-2,-2,0
1503635153058182,baseline3,-5,-8,-3,0,-2,-3,1,-2
1503635153060184,baseline3,0,1,-2,-1,-1,1,-2,0
1503635153060184,baseline3,1,1,-1,1,-1,0,0,1
1503635153081197,baseline3,-1,-1,-1,1,0,0,-2,0
1503635153081197,baseline3,-1,-2,-2,0,0,1,-2,0
1503635153082198,baseline3,1,-1,-1,-2,-2,-1,-2,-1
1503635153082198,baseline3,-1,-3,-1,-1,-1,-1,-1,-2
1503635153103212,baseline3,0,-2,-1,0,-1,0,-1,0
1503635153103212,baseline3,0,1,-2,0,0,1,0,-1
1503635153104212,baseline3,-1,0,-1,-1,-2,-2,0,-1
1503635153104212,baseline3,-1,0,-1,-2,-1,-2,-2,1
1503635153118221,baseline3,-1,-1,0,0,1,0,0,0
1503635153118221,baseline3,-1,-1,-1,0,-1,0,-1,0
1503635153119223,baseline3,-1,-2,-1,1,-1,-1,-1,0
1503635153119223,baseline3,-1,-2,-3,-2,-2,-2,-3,0
1503635153140236,baseline3,3,14,4,1,-1,-1,2,2
1503635153140236,baseline3,-2,-3,-1,-1,-2,-1,-1,-1
1503635153142237,baseline3,1,-2,0,1,-1,0,-2,0
1503635153142237,baseline3,-2,-3,-1,0,-1,0,0,-2
1503635153163252,baseline3,-3,-6,-3,0,-3,-2,-3,-1
1503635153163252,baseline3,1,-1,-1,-1,0,-1,-3,0
1503635153164253,baseline3,0,0,0,-1,-1,1,3,0
1503635153164253,baseline3,0,0,-1,0,-1,0,-1,-1
1503635153177261,baseline3,-3,-4,-3,0,-2,-1,-4,-1
1503635153177261,baseline3,0,-1,0,1,0,-1,-2,1
1503635153184266,baseline3,-3,-4,-2,-2,-1,-1,-1,-1
1503635153184266,baseline3,-1,-3,-1,-2,1,0,-2,0
1503635153200276,baseline3,-1,-2,-2,1,1,-1,0,0
1503635153200276,baseline3,-2,-3,-2,0,-1,0,-1,-1
1503635153202278,baseline3,-1,-3,-2,2,0,1,-2,0
1503635153202278,baseline3,1,3,0,1,0,-2,-1,0
1503635153223292,baseline3,0,-1,-2,-1,-1,1,2,0
1503635153223292,baseline3,1,-3,-2,0,-2,0,-2,0
1503635153225292,baseline3,-4,-10,-3,1,-2,-1,-1,-1
1503635153225292,baseline3,0,3,1,0,-1,1,0,-1
1503635153238300,baseline3,-2,-3,-1,0,-2,0,-2,-1
1503635153238300,baseline3,-1,-1,0,0,-1,0,-1,0
1503635153246305,baseline3,-2,-1,-1,0,0,0,-2,0
1503635153246305,baseline3,-2,-3,-1,2,-2,-1,-1,0
1503635153260316,baseline3,-2,-4,-2,0,2,1,0,-2
1503635153260316,baseline3,0,-3,-1,0,-1,-1,2,0
1503635153262318,baseline3,1,2,0,1,-2,0,-1,0
1503635153262318,baseline3,0,-2,-2,-1,-1,-1,-2,0
1503635153290335,baseline3,-1,-1,-1,1,0,0,-2,-1
1503635153290335,baseline3,-1,-1,-2,0,-1,-1,-4,-1
1503635153292337,baseline3,-1,1,0,-1,-2,-2,1,1
1503635153292337,baseline3,-2,-2,-2,-2,0,0,-2,0
1503635153297339,baseline3,-1,-3,-2,0,-2,-2,-5,0
1503635153297339,baseline3,0,-1,-2,-1,-1,-2,1,0
1503635153304343,baseline3,1,1,-1,-1,-1,0,-1,1
1503635153304343,baseline3,-4,-12,-5,-3,-3,0,-1,-2
1503635153319353,baseline3,2,0,0,-2,-2,-1,-1,0
1503635153319353,baseline3,0,-2,-1,0,-1,0,-2,0
1503635153328359,baseline3,1,2,-1,0,0,-1,-1,1
1503635153328359,baseline3,0,-3,-2,-1,0,-1,0,1
1503635153343370,baseline3,-2,-2,-1,0,-1,0,0,0
1503635153343370,baseline3,-2,-3,-1,0,-1,-1,0,0
1503635153344370,baseline3,-1,-5,-2,-1,-2,0,-1,-1
1503635153344370,baseline3,-1,2,-1,1,-1,0,-1,0
1503635153365385,baseline3,-1,-1,-1,0,-1,0,-1,0
1503635153365385,baseline3,1,0,0,1,-1,2,-1,0
1503635153367386,baseline3,0,0,0,0,-1,0,-1,0
1503635153367386,baseline3,1,0,0,1,-1,0,1,0
1503635153380394,baseline3,-2,0,-1,0,0,0,0,-1
1503635153380394,baseline3,-2,-1,-2,-1,-1,0,1,-1
1503635153382398,baseline3,-2,-1,-1,0,-2,-2,-1,-2
1503635153382398,baseline3,1,0,-1,0,-1,-1,-2,1
1503635153403408,baseline3,-1,-5,-2,-1,-1,0,0,0
1503635153403408,baseline3,-6,-10,-4,0,-2,-3,-3,-1
1503635153404409,baseline3,1,2,1,1,-1,-1,0,0
1503635153404409,baseline3,0,0,1,1,0,0,2,2
1503635153417418,baseline3,1,0,0,0,1,-2,-3,-1
1503635153417418,baseline3,-1,-3,0,-2,-1,0,-2,-1
1503635153424423,baseline3,-1,-1,-1,-2,0,0,-3,-1
1503635153424423,baseline3,0,0,-1,1,-1,2,-1,-1
1503635153440433,baseline3,-2,-7,-2,0,-3,0,0,0
1503635153440433,baseline3,-1,1,0,1,0,0,0,1
1503635153442434,baseline3,-1,-2,-2,-1,1,0,0,1
1503635153442434,baseline3,-1,-1,0,-1,-2,-1,-2,0
1503635153463448,baseline3,1,-1,0,-1,0,-2,-2,-1
1503635153463448,baseline3,0,1,0,0,1,0,0,1
1503635153464448,baseline3,0,0,0,0,0,0,0,0
1503635153464448,baseline3,-2,-2,-1,-1,-2,-1,-2,-2
1503635153477457,baseline3,-1,2,-1,0,-2,-1,0,0
1503635153477457,baseline3,0,0,0,1,0,-1,-3,1
1503635153484462,baseline3,-1,-2,0,1,1,1,-1,1
1503635153484462,baseline3,2,8,0,2,-1,-2,-2,0
1503635153500472,baseline3,-3,-3,-2,0,-2,-1,-2,-2
1503635153500472,baseline3,0,1,-1,1,-1,0,0,-1
1503635153502473,baseline3,-1,1,-1,0,1,-1,-1,0
1503635153502473,baseline3,-1,-3,-2,-1,-1,0,0,0
1503635153523487,baseline3,-1,-1,-1,-1,0,0,0,1
1503635153523487,baseline3,0,0,0,-1,-1,0,-1,1
1503635153524488,baseline3,-3,-4,-3,-1,-1,-2,-1,-1
1503635153524488,baseline3,-3,-5,-1,1,-2,-1,-1,-1
1503635153536496,baseline3,1,0,-1,0,-1,-3,-1,-1
1503635153536496,baseline3,0,-1,-1,-1,-1,0,1,1
1503635153545501,baseline3,1,0,0,1,-1,0,-1,1
1503635153545501,baseline3,-1,-4,-2,-1,0,0,-1,-1
1503635153560512,baseline3,0,1,-1,-1,0,1,-2,0
1503635153560512,baseline3,0,-2,-1,0,0,0,-2,-1
1503635153562513,baseline3,-1,-2,0,-1,-1,0,-1,0
1503635153562513,baseline3,0,0,-2,1,0,-1,0,-1
1503635153583527,baseline3,-1,-2,-1,0,-2,0,0,0
1503635153583527,baseline3,0,-1,-2,-2,-1,0,-3,1
1503635153584527,baseline3,-1,-1,-1,0,-2,0,-1,-1
1503635153584527,baseline3,-7,-17,-5,-2,-1,-1,-2,-2
1503635153606541,baseline3,2,2,2,1,1,1,0,2
1503635153606541,baseline3,-2,-2,-2,-3,-3,-3,-3,-1
1503635153607542,baseline3,0,0,-1,0,-2,0,-2,0
1503635153607542,baseline3,-2,-3,-2,0,-1,-1,-1,0
1503635153620552,baseline3,-2,-1,-1,0,-2,-1,0,0
1503635153620552,baseline3,-1,-1,0,0,-2,-1,-2,1
1503635153622553,baseline3,-1,-2,0,0,-1,0,-1,-1
1503635153622553,baseline3,0,3,2,0,0,-1,0,2
1503635153650571,baseline3,-1,-3,0,0,-1,-1,0,0
1503635153650571,baseline3,1,1,0,1,-1,0,0,-1
1503635153652573,baseline3,-3,-2,-2,0,-2,-2,-1,-1
1503635153652573,baseline3,1,1,0,1,-2,0,-2,0
1503635153656576,baseline3,0,-1,-2,-1,-1,0,-1,1
1503635153656576,baseline3,-2,-3,0,-1,-2,-3,-4,0
1503635153665580,baseline3,-1,-2,-1,1,0,0,0,2
1503635153665580,baseline3,0,-1,-2,-1,-1,0,-2,0
1503635153680590,baseline3,5,15,4,1,0,2,0,3
1503635153680590,baseline3,0,-1,-1,0,0,-1,-2,-2
1503635153682592,baseline3,0,-1,-2,-2,0,-1,-1,0
1503635153682592,baseline3,2,3,1,2,0,0,-1,0
1503635153703606,baseline3,-4,-8,-4,-2,-1,1,-1,-1
1503635153703606,baseline3,0,-2,-1,-1,-1,1,0,0
1503635153704607,baseline3,1,1,-1,0,-1,-2,0,-1
1503635153704607,baseline3,-2,-3,-2,-1,-2,-1,1,-1
1503635153716615,baseline3,0,0,-1,0,-1,-2,-4,-1
1503635153716615,baseline3,-1,0,-1,-1,-1,-1,-1,1
1503635153725620,baseline3,-2,-4,-2,0,-2,-1,-2,-1
1503635153725620,baseline3,-1,0,-1,1,-1,0,-1,1
1503635153740629,baseline3,-2,-6,-2,-1,-1,-1,-1,-2
1503635153740629,baseline3,-1,-1,-1,0,0,0,1,0
1503635153742631,baseline3,0,-1,1,1,0,2,0,0
1503635153742631,baseline3,-2,0,-1,0,1,-1,-2,0
1503635153762644,baseline3,-2,-2,-2,0,0,-1,-1,-1
1503635153762644,baseline3,0,-3,0,0,0,-1,-2,0
1503635153764645,baseline3,-1,-2,0,-1,0,0,-2,1
1503635153764645,baseline3,1,1,0,0,-2,-1,-3,0
1503635153776653,baseline3,-2,-4,-1,1,-1,0,-2,0
1503635153776653,baseline3,-1,-1,-1,2,-1,1,0,0
1503635153785659,baseline3,-6,-15,-7,-1,-2,-1,-2,-3
1503635153785659,baseline3,1,2,0,0,0,-1,-1,2
1503635153800669,baseline3,-1,0,0,-2,-1,0,0,1
1503635153800669,baseline3,0,1,-1,-1,-3,-2,-2,-1
1503635153802670,baseline3,-1,0,0,1,0,0,0,0
1503635153802670,baseline3,-2,-3,-2,-1,-1,-1,-1,-2
1503635153830688,baseline3,-1,-5,-2,0,-1,-1,-1,-2
1503635153830688,baseline3,0,1,1,0,-2,0,0,1
1503635153832690,baseline3,1,2,-1,1,-1,0,0,0
1503635153832690,baseline3,0,-2,0,-2,-1,-1,0,1
1503635153836693,baseline3,1,-1,-2,0,-1,-1,-2,-1
1503635153836693,baseline3,-1,-3,-2,-1,0,-1,-1,0
1503635153845699,baseline3,1,2,0,0,0,1,0,1
1503635153845699,baseline3,1,1,0,0,-2,-1,-2,0
1503635153860709,baseline3,-3,-3,0,0,-1,0,-2,-2
1503635153860709,baseline3,-2,-2,-2,-1,0,-1,-3,0
1503635153861709,baseline3,0,-1,0,0,-1,-1,-2,0
1503635153861709,baseline3,-1,0,0,-1,0,-1,-1,0
1503635153890728,baseline3,4,13,2,1,-1,2,0,2
1503635153890728,baseline3,0,-1,0,-1,0,-1,0,1
1503635153891728,baseline3,0,2,1,-1,0,-2,0,2
1503635153891728,baseline3,0,0,-1,0,0,0,-1,0
1503635153896739,baseline3,-1,-5,-3,1,0,-1,0,0
1503635153896739,baseline3,-1,-2,-2,0,-2,1,1,1
1503635153905738,baseline3,0,-1,-1,0,-1,-1,-2,0
1503635153905738,baseline3,-2,-2,-4,-1,0,0,-2,0
1503635153920748,baseline3,0,-4,-2,-1,-1,-1,-2,-1
1503635153920748,baseline3,0,0,-1,-1,-1,0,2,-1
1503635153922749,baseline3,-1,-1,-1,0,1,-2,-3,1
1503635153922749,baseline3,-1,-1,0,0,0,-1,-1,-1
1503635153942762,baseline3,-3,-2,-1,0,-3,-1,0,1
1503635153942762,baseline3,0,0,-1,0,-2,-1,-3,-1
1503635153944763,baseline3,-3,-4,-1,0,-1,-1,-2,0
1503635153944763,baseline3,-2,0,0,0,-2,0,0,1
1503635153956772,baseline3,-2,-2,-1,-2,1,0,-1,2
1503635153956772,baseline3,0,-2,-1,1,-1,-1,-2,0
1503635153965777,baseline3,-1,0,-2,1,-1,0,-1,-1
1503635153965777,baseline3,1,2,1,0,1,0,0,1
1503635153980787,baseline3,-5,-12,-2,-2,-2,-2,0,1
1503635153980787,baseline3,2,5,2,1,1,0,0,2
1503635153982789,baseline3,1,-1,-1,-1,-1,0,0,-1
1503635153982789,baseline3,-1,-2,-1,0,-2,0,-1,-2
1503635154002802,baseline3,-2,-5,-2,1,0,1,-2,-2
1503635154002802,baseline3,-2,-3,-3,-1,-2,-1,-1,0
1503635154004804,baseline3,0,1,-1,-1,-2,-1,-2,-1
1503635154004804,baseline3,0,-1,-2,0,0,1,1,0
1503635154041828,baseline3,-1,1,-1,-1,0,0,-2,0
1503635154041828,baseline3,-1,-2,-2,0,-2,0,-1,0
1503635154043829,baseline3,-1,0,-1,0,-1,-1,-2,0
1503635154043829,baseline3,-2,-4,-2,0,-1,-1,-2,-1
1503635154044830,baseline3,1,1,0,0,-1,-1,0,1
1503635154044830,baseline3,-1,-3,-1,-1,0,0,-1,0
1503635154064842,baseline3,-1,-3,-2,-1,-2,-2,0,-2
1503635154064842,baseline3,-1,-1,0,0,1,-1,-1,0
1503635154065843,baseline3,0,-1,0,0,-1,-1,0,0
1503635154065843,baseline3,0,0,-1,0,0,-1,2,1
1503635154068845,baseline3,-1,-5,-2,-1,-2,-1,-3,0
1503635154068845,baseline3,2,9,4,2,0,0,-1,2
1503635154085857,baseline3,0,1,-1,0,0,0,-1,-1
1503635154085857,baseline3,-3,-3,-1,0,-3,0,-2,-1
1503635154086857,baseline3,-2,0,-1,0,1,-1,0,1
1503635154086857,baseline3,-3,-5,-2,0,0,-1,-2,0
1503635154100871,baseline3,0,0,-1,-1,0,-2,-2,0
1503635154100871,baseline3,-2,-1,-1,1,0,0,-1,-1
1503635154101867,baseline3,0,1,1,0,-2,1,1,0
1503635154101867,baseline3,-1,-4,0,0,-1,1,-1,0
1503635154122880,baseline3,-2,-2,-1,0,-3,-1,0,-1
1503635154122880,baseline3,-1,-3,-1,0,-1,0,-1,-2
1503635154124881,baseline3,-1,-1,-1,-2,-1,0,-3,-1
1503635154124881,baseline3,-2,-3,-2,-2,0,-2,-2,-1
1503635154145895,baseline3,0,-2,-2,-1,-2,-1,-2,-1
1503635154145895,baseline3,-1,-1,0,1,0,-1,-1,1
1503635154146896,baseline3,0,1,-2,0,-1,-1,-1,0
1503635154146896,baseline3,1,-1,-2,-1,-3,0,-1,1
1503635154159904,baseline3,-1,-1,0,2,2,0,-1,-1
1503635154159904,baseline3,-5,-15,-4,-1,0,1,-2,-2
1503635154166909,baseline3,1,5,1,1,1,0,-1,3
1503635154166909,baseline3,-3,-5,-2,-1,-3,-3,-4,-2
1503635154182919,baseline3,-1,-1,-3,0,-1,1,1,0
1503635154182919,baseline3,0,-2,-1,-1,-2,-2,-3,-1
1503635154184921,baseline3,2,2,2,0,-1,0,-1,1
1503635154184921,baseline3,-1,-2,-2,-1,0,-1,1,0
1503635154205935,baseline3,0,-1,-1,0,-1,-1,-2,0
1503635154205935,baseline3,1,3,0,0,0,-1,0,2
1503635154206936,baseline3,0,-3,-2,0,-1,-1,-1,0
1503635154206936,baseline3,0,0,-1,0,0,0,-1,0
1503635154219944,baseline3,-1,-1,-1,0,-1,-1,-2,-1
1503635154219944,baseline3,0,1,-2,-1,-1,-3,-1,1
1503635154226948,baseline3,-2,-5,-1,0,-3,-2,-1,-1
1503635154226948,baseline3,-2,-7,-4,0,1,2,0,-1
1503635154242959,baseline3,5,13,4,0,0,1,0,4
1503635154242959,baseline3,1,5,0,0,-1,1,-2,0
1503635154244960,baseline3,-3,-3,-2,1,-1,0,-1,-3
1503635154244960,baseline3,0,0,0,-1,-1,-1,0,0
1503635154265977,baseline3,-3,-6,-4,0,0,-2,-2,0
1503635154265977,baseline3,1,2,1,-1,1,-2,1,1
1503635154266977,baseline3,1,2,2,0,1,1,1,1
1503635154266977,baseline3,-1,0,-1,0,-3,-1,0,0
1503635154280984,baseline3,-1,-5,-1,0,-1,0,-2,-1
1503635154280984,baseline3,0,0,-1,0,0,0,-1,0
1503635154286987,baseline3,-1,-5,-3,0,-1,-3,-1,0
1503635154286987,baseline3,0,0,-3,-1,-1,0,0,0
1503635154302998,baseline3,-2,-6,-2,-1,-2,-2,-1,-1
1503635154302998,baseline3,1,1,0,1,0,0,-2,1
1503635154305000,baseline3,-1,-2,0,1,0,1,-1,-1
1503635154305000,baseline3,-1,0,0,0,-2,-2,-2,-1
1503635154342024,baseline3,-1,-2,-1,0,1,-1,-1,0
1503635154342024,baseline3,3,8,1,0,-2,0,1,0
1503635154344025,baseline3,-2,-1,-1,0,0,0,-1,-1
1503635154344025,baseline3,-1,0,0,0,0,0,-2,0
1503635154344025,baseline3,0,-1,0,0,0,0,1,0
1503635154344025,baseline3,-2,-5,-3,0,-2,0,-2,-1
1503635154348028,baseline3,0,1,-2,0,0,1,-2,0
1503635154348028,baseline3,-2,-3,-1,-1,-1,-2,-3,0
1503635154363038,baseline3,-2,-3,-2,-1,-1,0,1,-1
1503635154363038,baseline3,-2,-5,-2,-1,0,-1,-1,-1
1503635154365040,baseline3,-1,-1,-1,0,-1,0,0,-1
1503635154365040,baseline3,1,-4,-3,1,0,-2,0,-1
1503635154386052,baseline3,-1,-2,-2,-1,-2,-1,-4,-1
1503635154386052,baseline3,0,-2,0,0,0,0,-2,-1
1503635154387053,baseline3,0,0,-1,-1,-1,0,1,0
1503635154387053,baseline3,0,1,0,1,0,-2,-1,1
1503635154400062,baseline3,3,3,0,1,-1,-1,1,1
1503635154400062,baseline3,-2,-2,-1,0,-1,0,-5,1
1503635154407067,baseline3,-2,-1,-1,1,-1,-1,-2,2
1503635154407067,baseline3,5,13,2,1,0,1,-1,2
1503635154431082,baseline3,-3,-2,-1,0,0,0,-2,-1
1503635154431082,baseline3,-3,-3,-1,0,-2,0,1,1
1503635154432083,baseline3,0,0,0,-1,-1,0,-1,-1
1503635154432083,baseline3,-3,-6,-3,0,-2,-2,-2,-2
1503635154446092,baseline3,-1,-2,0,0,-1,0,0,-1
1503635154446092,baseline3,0,1,-2,0,-1,0,0,0
1503635154448093,baseline3,1,-3,-3,-1,-3,-2,-2,0
1503635154448093,baseline3,-3,-4,-1,0,-1,1,0,-1
1503635154460101,baseline3,-1,-3,0,0,-2,-2,-2,-1
1503635154460101,baseline3,-1,-3,-1,2,-1,-1,0,-1
1503635154467108,baseline3,0,0,-1,-1,-2,-1,-1,-1
1503635154467108,baseline3,-4,-6,-1,0,-1,0,-1,0
1503635154483116,baseline3,0,1,-1,-1,-1,0,0,0
1503635154483116,baseline3,0,-2,0,-1,1,0,1,0
1503635154485118,baseline3,-3,-10,-3,1,-1,-1,-2,-1
1503635154485118,baseline3,2,2,2,2,1,1,1,2
1503635154506131,baseline3,2,6,3,3,1,1,1,1
1503635154506131,baseline3,0,-1,-1,0,0,1,-2,-1
1503635154507132,baseline3,-1,-3,-2,0,-1,-1,-4,0
1503635154507132,baseline3,-3,-5,-4,1,0,2,2,-1
1503635154528146,baseline3,-3,-4,-2,-1,0,-1,-2,0
1503635154528146,baseline3,0,0,-1,-1,-1,-2,-1,1
1503635154530147,baseline3,1,5,0,0,1,-1,0,3
1503635154530147,baseline3,0,-1,-1,-2,1,0,-2,-1
1503635154551160,baseline3,-1,-1,-3,-1,-1,-1,-2,0
1503635154551160,baseline3,-1,-2,0,-2,-2,-1,-1,-1
1503635154552162,baseline3,-2,-3,-2,0,-1,1,-2,-1
1503635154552162,baseline3,0,0,0,-2,-2,0,1,1
1503635154573175,baseline3,-2,-5,-2,-1,-1,-1,-1,-1
1503635154573175,baseline3,0,-1,-1,-1,-1,0,-2,1
1503635154575176,baseline3,-1,2,1,-2,-1,-1,0,-1
1503635154575176,baseline3,-1,-2,-1,1,-1,0,-1,-1
1503635154579179,baseline3,-5,-11,-2,-1,-1,-2,-3,-1
1503635154579179,baseline3,2,4,2,2,-1,1,5,0
1503635154588185,baseline3,-1,1,0,0,0,1,-1,1
1503635154588185,baseline3,0,-1,-1,-1,-3,-1,-4,0
1503635154603195,baseline3,-3,-4,-2,-1,-2,0,-2,-1
1503635154603195,baseline3,-2,-4,-4,0,-1,-2,-2,0
1503635154605197,baseline3,1,1,1,0,0,0,1,0
1503635154605197,baseline3,1,1,0,0,0,-1,1,1
1503635154625209,baseline3,1,2,-1,0,-2,-1,-2,1
1503635154625209,baseline3,-1,-2,-1,-1,-1,1,-2,0
1503635154627211,baseline3,1,0,-1,1,-2,1,0,0
1503635154627211,baseline3,-1,-3,-2,-2,-1,0,-1,-1
1503635154639218,baseline3,0,1,0,1,0,-1,0,-1
1503635154639218,baseline3,-2,-2,-2,-1,-2,-1,-2,0
1503635154648224,baseline3,-2,-4,-3,1,-1,-1,-1,0
1503635154648224,baseline3,-2,-1,-1,0,-3,-1,0,0
1503635154663234,baseline3,0,-2,-1,0,-1,0,1,1
1503635154663234,baseline3,0,-4,-2,0,-2,-1,-1,0
1503635154665235,baseline3,4,12,3,0,0,0,-1,2
1503635154665235,baseline3,-3,-2,0,0,0,0,0,0
1503635154693254,baseline3,1,3,1,1,1,1,0,-1
1503635154693254,baseline3,-3,-6,0,0,-1,-2,-1,-2
1503635154700262,baseline3,-5,-10,-4,-2,-2,-1,-2,-1
1503635154700262,baseline3,1,0,0,-1,-1,-1,-1,0
1503635154701262,baseline3,2,0,-3,0,-1,0,0,0
1503635154701262,baseline3,-2,0,0,0,0,-1,-3,-1
1503635154708264,baseline3,-1,-3,-1,-1,0,0,-1,0
1503635154708264,baseline3,-1,0,-1,1,-1,0,-1,0
1503635154723274,baseline3,-1,-3,-1,0,1,0,-1,-1
1503635154723274,baseline3,0,0,-3,-1,-1,0,1,1
1503635154724275,baseline3,-1,-3,-2,-1,-1,-2,1,-1
1503635154724275,baseline3,0,-2,-1,1,0,-1,-2,0
1503635154753293,baseline3,0,1,-2,0,-3,-1,-1,1
1503635154753293,baseline3,0,0,0,1,-1,1,0,-1
1503635154754294,baseline3,-1,-1,-1,0,-1,-2,0,-1
1503635154754294,baseline3,-1,-1,0,0,-1,0,-1,-1
1503635154759298,baseline3,-4,-5,-1,-1,-1,-1,-3,-1
1503635154759298,baseline3,4,12,3,1,2,1,2,4
1503635154768303,baseline3,-1,-2,-1,-1,-1,-1,0,0
1503635154768303,baseline3,0,0,-1,-2,-1,0,-1,0
1503635154783313,baseline3,-3,-2,0,0,-1,0,-2,-2
1503635154783313,baseline3,-2,-4,-1,0,-2,0,-4,-1
1503635154784313,baseline3,-1,-2,-1,1,-1,-1,-1,0
1503635154784313,baseline3,1,1,-2,0,0,0,-1,1
1503635154805327,baseline3,1,3,1,0,-1,0,-1,1
1503635154805327,baseline3,-1,-2,-3,-1,-1,0,0,-1
1503635154807329,baseline3,0,-2,-2,-2,-1,0,-2,-1
1503635154807329,baseline3,0,-3,-2,0,0,-2,-4,0
1503635154819341,baseline3,-1,-3,-2,1,-1,1,0,0
1503635154819341,baseline3,-1,-4,-1,0,-2,-2,-3,0
1503635154828343,baseline3,-2,-2,-1,0,-1,-1,0,0
1503635154828343,baseline3,-2,-2,-1,-1,-1,1,0,-1
1503635154843352,baseline3,-1,1,-1,-2,-1,0,-1,1
1503635154843352,baseline3,-2,0,-1,0,-1,1,0,0
1503635154844353,baseline3,-1,0,0,0,-1,-1,-3,0
1503635154844353,baseline3,-6,-15,-5,0,-1,-1,-2,-3
1503635154865366,baseline3,1,0,-1,0,-2,-1,1,1
1503635154865366,baseline3,-1,-3,-1,0,1,-2,-2,-1
1503635154867368,baseline3,0,-1,-1,0,-1,0,-1,-2
1503635154867368,baseline3,-1,-1,0,-1,-2,-2,0,0
1503635154879376,baseline3,0,-2,-1,0,-1,0,-1,1
1503635154879376,baseline3,-2,-3,-2,-1,-2,-1,-2,-1
1503635154888382,baseline3,0,-3,-3,0,-2,0,0,0
1503635154888382,baseline3,-1,0,-1,1,0,-1,0,-1
1503635154903392,baseline3,0,1,1,-1,0,0,0,0
1503635154903392,baseline3,-1,0,-1,0,0,-1,1,1
1503635154904392,baseline3,-2,-2,-1,0,0,-1,-4,0
1503635154904392,baseline3,-1,1,-1,0,0,-1,0,0
1503635154925407,baseline3,-1,-1,-1,1,0,1,-1,0
1503635154925407,baseline3,0,-3,-2,0,-1,0,-1,-1
1503635154927408,baseline3,-2,-2,0,0,-1,0,0,0
1503635154927408,baseline3,-2,-1,-1,0,-1,0,-2,-1
1503635154955426,baseline3,0,-2,-1,0,-1,-1,-2,-1
1503635154955426,baseline3,-3,-7,-1,-2,-1,-1,-1,-1
1503635154957428,baseline3,4,9,2,2,0,0,0,3
1503635154957428,baseline3,1,4,0,0,-1,-1,-1,0
1503635154963431,baseline3,-2,-2,-1,0,0,-1,-1,-1
1503635154963431,baseline3,-1,-2,-1,0,-1,0,-2,0
1503635154964432,baseline3,-2,-4,-2,-1,1,-1,0,-1
1503635154964432,baseline3,1,0,-1,0,-2,-2,-2,0
1503635154985446,baseline3,0,0,-2,-1,-2,-2,-3,0
1503635154985446,baseline3,-2,0,-1,0,-1,-1,-2,0
1503635154987448,baseline3,-2,-2,-1,-1,-1,1,0,1
1503635154987448,baseline3,0,2,1,1,0,1,1,1
1503635155008460,baseline3,-4,-7,-5,-1,-3,-1,-2,-2
1503635155008460,baseline3,1,-1,-1,0,-2,0,2,0
1503635155009461,baseline3,-1,-2,-2,-2,-3,-3,-3,-2
1503635155009461,baseline3,-1,-3,-2,0,-1,-1,-2,0
1503635155021469,baseline3,1,-2,0,0,1,-1,-1,0
1503635155021469,baseline3,-1,-2,-1,0,0,0,-1,0
1503635155030476,baseline3,0,0,-2,0,-1,0,-1,-1
1503635155030476,baseline3,-5,-15,-4,-1,-1,-1,-2,-1
1503635155045485,baseline3,2,1,-1,0,-1,-1,-1,0
1503635155045485,baseline3,-1,-1,1,1,0,1,0,-1
1503635155047486,baseline3,-2,-4,-1,-1,-1,0,-1,1
1503635155047486,baseline3,-2,-2,0,-1,-1,0,-3,0
1503635155068500,baseline3,-1,-1,0,1,-1,0,1,0
1503635155068500,baseline3,-1,-2,-1,-1,-1,-1,-1,-1
1503635155069500,baseline3,1,-2,-1,-1,-2,0,-4,-2
1503635155069500,baseline3,1,3,0,1,-1,-1,2,0
1503635155082510,baseline3,1,2,1,1,0,0,-1,2
1503635155082510,baseline3,-4,-6,-4,-2,-3,0,-2,0
1503635155089514,baseline3,-1,1,-1,0,-1,-1,0,-1
1503635155089514,baseline3,1,2,0,0,1,0,0,1
1503635155105525,baseline3,-2,-2,-1,-1,-2,-1,-1,0
1503635155105525,baseline3,-1,-4,-2,1,0,-2,-1,0
1503635155107526,baseline3,-2,-2,-3,-1,0,1,1,0
1503635155107526,baseline3,5,13,2,1,0,-1,-1,2
1503635155128540,baseline3,-2,0,0,0,0,-1,-1,-1
1503635155128540,baseline3,-1,-1,-1,0,-2,0,-1,0
1503635155129540,baseline3,1,-2,1,1,-1,1,0,1
1503635155129540,baseline3,-1,0,0,-2,0,1,-1,1
1503635155142549,baseline3,0,0,-1,1,0,0,-2,-1
1503635155142549,baseline3,1,4,0,0,0,-1,0,0
1503635155149553,baseline3,-2,-3,-2,0,-2,0,0,1
1503635155149553,baseline3,-1,-4,-3,0,-2,0,-3,0
1503635155165564,baseline3,0,-2,-1,0,-1,0,0,-1
1503635155165564,baseline3,0,-1,-1,0,0,0,0,0
1503635155167565,baseline3,-1,0,-1,0,1,-1,0,0
1503635155167565,baseline3,-2,-2,-1,0,0,0,0,-1
1503635155188579,baseline3,-2,-4,-2,-1,-3,-2,-3,-1
1503635155188579,baseline3,0,1,1,2,0,-1,-1,-1
1503635155189579,baseline3,-2,-3,-1,-1,-1,-1,-2,0
1503635155189579,baseline3,-1,-2,-2,-1,-1,0,-2,-2
1503635155202589,baseline3,-1,-3,-3,0,1,0,-1,0
1503635155202589,baseline3,-1,-3,-2,0,0,0,-3,0
1503635155209593,baseline3,0,1,-1,0,0,0,-2,0
1503635155209593,baseline3,-2,-5,-2,0,-2,-1,-1,0
1503635155225604,baseline3,0,1,1,-1,0,0,0,0
1503635155225604,baseline3,1,0,-1,-2,0,-1,-1,-1
1503635155227605,baseline3,-3,-4,-2,-1,-2,-1,-1,0
1503635155227605,baseline3,0,-1,-1,2,-1,-1,0,0
1503635155248618,baseline3,0,-1,0,1,0,0,1,1
1503635155248618,baseline3,0,1,-1,-1,-3,-2,-2,2
1503635155249618,baseline3,1,-1,-1,0,-1,-1,-2,0
1503635155249618,baseline3,-3,0,-1,0,0,0,-1,-1
1503635155262627,baseline3,0,1,-1,0,-2,-1,-5,0
1503635155262627,baseline3,-3,-3,-2,0,0,0,0,0
1503635155269632,baseline3,0,0,-2,1,-1,-2,-1,0
1503635155269632,baseline3,0,-2,0,-1,0,0,-2,0
1503635155285642,baseline3,6,16,5,0,0,1,1,4
1503635155285642,baseline3,0,0,0,0,-3,-2,-2,-1
1503635155287645,baseline3,-2,-2,0,0,-2,-1,0,-2
1503635155287645,baseline3,-1,-2,-1,0,-1,-1,0,1
1503635155308657,baseline3,-1,-5,-2,0,-1,-1,-1,-1
1503635155308657,baseline3,-2,-1,0,1,1,-1,0,-2
1503635155309658,baseline3,0,2,1,1,0,0,0,0
1503635155309658,baseline3,-3,-5,-2,-1,0,0,-1,0
1503635155322666,baseline3,-2,-6,-3,-2,-2,-1,-3,0
1503635155322666,baseline3,1,2,-1,-1,-1,-1,-1,3
1503635155329671,baseline3,-3,-6,-2,0,1,0,-1,-4
1503635155329671,baseline3,0,1,1,0,-1,0,-1,0
1503635155345681,baseline3,-2,-3,-2,-1,-2,-1,-1,-1
1503635155345681,baseline3,-1,1,0,1,-1,1,0,-1
1503635155347683,baseline3,2,8,1,0,-2,-2,-3,0
1503635155347683,baseline3,0,-1,-1,0,-1,0,1,0
1503635155367696,baseline3,-1,-3,-1,0,0,0,-1,0
1503635155367696,baseline3,1,-1,-2,-1,-2,-2,-3,-2
1503635155369697,baseline3,-1,-4,0,0,0,0,0,0
1503635155369697,baseline3,0,-1,-1,-1,1,-1,-2,-2
1503635155381705,baseline3,0,-3,0,2,-1,0,-1,0
1503635155381705,baseline3,-3,-3,-1,0,-1,-1,0,1
1503635155390711,baseline3,-1,-4,-4,0,-1,-1,-2,0
1503635155390711,baseline3,0,-1,-1,-1,-1,-1,-2,0
1503635155405721,baseline3,-1,-1,0,0,1,1,0,0
1503635155405721,baseline3,-1,-2,-1,-2,-2,-1,-2,-1
1503635155407722,baseline3,0,-1,0,-1,-1,-1,0,0
1503635155407722,baseline3,1,0,-1,1,-1,0,1,1
1503635155427735,baseline3,-1,-4,-1,0,-2,-1,-3,0
1503635155427735,baseline3,-1,-2,1,1,0,2,-1,1
1503635155429737,baseline3,-1,-1,-1,1,-2,-1,-2,1
1503635155429737,baseline3,-1,-1,0,-1,-2,-1,1,-2
1503635155441745,baseline3,-3,-2,-2,0,0,-1,-1,-1
1503635155441745,baseline3,-1,-2,-2,0,-1,-1,-1,-1
1503635155450751,baseline3,0,-3,-3,1,0,-1,0,1
1503635155450751,baseline3,-2,-2,-1,1,-1,-1,0,0
1503635155465760,baseline3,-1,-2,-2,0,-1,0,-1,-1
1503635155465760,baseline3,0,0,-2,0,-1,0,-1,1
1503635155466761,baseline3,4,13,2,1,0,1,-1,3
1503635155466761,baseline3,1,1,0,0,0,0,-1,1
1503635155487775,baseline3,-1,0,0,0,-1,1,0,1
1503635155487775,baseline3,1,-1,0,-1,-1,-1,-1,0
1503635155489776,baseline3,-4,-8,-3,-1,-1,-2,-1,-2
1503635155489776,baseline3,0,2,-1,1,0,1,-1,0
1503635155501784,baseline3,-1,-1,-2,-1,0,-1,-2,1
1503635155501784,baseline3,-2,-6,-2,0,1,0,-1,-2
1503635155510790,baseline3,-1,-6,-2,-2,-1,0,-1,0
1503635155510790,baseline3,-3,-2,-1,1,0,-1,-2,-1
1503635155525800,baseline3,-2,-6,-3,-1,-2,-1,0,-1
1503635155525800,baseline3,0,2,1,0,-2,-1,-2,1
1503635155526801,baseline3,-1,-2,-2,0,-1,1,-2,0
1503635155526801,baseline3,1,0,-3,-1,-1,-1,-3,0
1503635155555819,baseline3,0,-1,-1,-1,0,-1,-2,0
1503635155555819,baseline3,-2,-3,-2,0,0,-1,-1,-1
1503635155557821,baseline3,-1,-1,-1,1,0,-1,-2,0
1503635155557821,baseline3,0,-3,-2,1,-1,-2,-3,-1
1503635155570829,baseline3,1,10,1,-1,-1,0,1,1
1503635155570829,baseline3,0,1,-2,0,1,0,-1,-1
1503635155571830,baseline3,0,-2,-2,0,0,0,-1,0
1503635155571830,baseline3,-1,-1,-1,-2,-1,-1,-1,0
1503635155585839,baseline3,0,-3,-1,0,-2,-1,-2,-1
1503635155585839,baseline3,-1,-3,-1,-1,-2,0,0,0
1503635155586839,baseline3,-2,-1,-2,-1,-1,0,-1,-1
1503635155586839,baseline3,-2,-4,-1,1,-2,1,0,0
1503635155607853,baseline3,-2,-2,0,0,0,-2,-2,-2
1503635155607853,baseline3,0,-1,-1,0,-2,1,-3,0
1503635155609855,baseline3,1,-2,0,-1,-2,-2,-3,1
1503635155609855,baseline3,-1,-1,-1,-1,-1,-1,0,-1
1503635155621863,baseline3,-4,-6,-3,0,-2,0,0,1
1503635155621863,baseline3,-1,1,-2,1,0,-1,-2,0
1503635155630869,baseline3,-1,-3,-1,-1,1,-1,0,0
1503635155630869,baseline3,0,1,-1,-1,-2,0,-1,0
1503635155645879,baseline3,0,-1,-1,0,0,1,-2,-1
1503635155645879,baseline3,-3,-6,-2,-2,-1,-1,-1,1
1503635155646881,baseline3,5,13,4,1,0,1,1,2
1503635155646881,baseline3,-1,-3,0,-1,-1,-1,-1,1
1503635155667893,baseline3,0,-3,-1,-1,-2,0,1,0
1503635155667893,baseline3,1,4,1,2,0,0,-2,1
1503635155669895,baseline3,-3,-6,-2,0,-2,1,0,-2
1503635155669895,baseline3,-2,-2,0,2,0,-2,-3,0
1503635155681902,baseline3,1,1,1,0,-1,0,2,1
1503635155681902,baseline3,-1,-2,-1,0,-2,-2,0,0
1503635155690908,baseline3,-1,-3,-3,0,0,0,0,-2
1503635155690908,baseline3,-1,0,-1,0,-2,-1,-2,0
1503635155705918,baseline3,-1,-3,-3,-1,-2,-2,-2,0
1503635155705918,baseline3,-1,0,-2,-2,0,-1,1,-1
1503635155706918,baseline3,-1,-3,-1,0,0,1,0,0
1503635155706918,baseline3,-1,-2,-1,0,-1,-2,-3,-1
1503635155727933,baseline3,-2,-2,0,1,1,0,-1,0
1503635155727933,baseline3,-1,-1,0,-1,-1,-1,0,1
1503635155729934,baseline3,2,6,0,-1,0,1,0,0
1503635155729934,baseline3,-1,1,1,0,1,0,1,0
1503635155741942,baseline3,-3,-2,-1,0,0,-2,-1,0
1503635155741942,baseline3,1,3,-1,0,-3,-2,-2,0
1503635155750948,baseline3,-5,-8,-2,-1,-1,0,-1,-2
1503635155750948,baseline3,0,2,-1,0,-1,0,-3,0
1503635155765957,baseline3,1,0,-1,1,1,-1,-3,-1
1503635155765957,baseline3,-2,-5,-1,0,-1,0,-2,-1
1503635155771961,baseline3,0,-2,-1,0,-1,-3,-2,0
1503635155771961,baseline3,-1,0,-1,0,0,0,0,-2
1503635155787971,baseline3,-1,-2,-2,-1,-1,-1,-2,0
1503635155787971,baseline3,0,-2,0,-1,-1,1,0,-1
1503635155789973,baseline3,0,-3,-2,0,-2,0,1,0
1503635155789973,baseline3,1,0,-1,0,-1,1,0,0
1503635155801982,baseline3,-1,-1,-1,0,-2,-1,-3,1
1503635155801982,baseline3,-9,-17,-6,-2,-1,-1,-1,-3
1503635155810987,baseline3,-2,0,0,0,0,0,1,0
1503635155810987,baseline3,-1,-4,-3,0,0,-1,-1,1
1503635155825997,baseline3,2,0,0,0,-1,1,1,1
1503635155825997,baseline3,-1,-3,-3,-1,-2,-1,-5,0
1503635155826997,baseline3,-1,-1,0,0,-1,-2,-3,-1
1503635155826997,baseline3,0,1,-1,-1,0,-1,-1,0
1503635155848011,baseline3,-2,-4,-1,-1,-1,0,-1,-1
1503635155848011,baseline3,1,2,1,0,0,0,0,1
1503635155850012,baseline3,0,-1,-2,0,-2,-1,-2,1
1503635155850012,baseline3,0,-3,-1,0,0,1,1,0
1503635155862020,baseline3,0,0,0,3,-1,0,-2,-1
1503635155862020,baseline3,0,2,0,0,-1,0,1,0
1503635155878030,baseline3,-2,0,-1,-2,-3,0,-1,0
1503635155878030,baseline3,-1,-2,-1,0,-1,1,0,1
1503635155886036,baseline3,-2,-2,-1,-1,0,-1,0,-1
1503635155886036,baseline3,0,1,0,1,0,-1,1,1
1503635155887037,baseline3,-1,-3,-1,0,0,0,-3,-1
1503635155887037,baseline3,-1,-2,-1,-1,-2,-2,-2,0
1503635155908051,baseline3,-6,-14,-6,-3,-1,-3,-3,-2
1503635155908051,baseline3,-2,0,-1,0,-2,0,-1,0
1503635155910052,baseline3,-1,-1,1,2,2,1,-1,-1
1503635155910052,baseline3,-2,-2,0,1,-1,1,0,0
1503635155938071,baseline3,1,2,2,2,0,0,-3,1
1503635155938071,baseline3,0,0,-1,-2,-1,1,1,-2
1503635155940072,baseline3,-1,-2,0,0,0,0,1,0
1503635155940072,baseline3,-1,-5,-3,-1,-3,0,-1,0
1503635155946075,baseline3,1,-1,-1,0,0,-1,-1,1
1503635155946075,baseline3,0,1,0,0,-1,1,-2,0
1503635155947077,baseline3,3,0,-1,0,-2,0,-1,0
1503635155947077,baseline3,0,1,0,0,-1,-1,-2,0
1503635155968091,baseline3,-1,-2,-1,-1,-1,0,1,-1
1503635155968091,baseline3,0,0,0,0,0,-1,-1,1
1503635155970092,baseline3,-3,-3,-2,-1,-3,-1,-2,-1
1503635155970092,baseline3,0,0,-1,-2,-2,-2,-2,-1
1503635155991106,baseline3,-2,1,-1,1,-2,-1,-1,0
1503635155991106,baseline3,-1,-3,-1,1,1,0,1,-1
1503635155992105,baseline3,0,-2,-1,0,0,-1,-1,1
1503635155992105,baseline3,0,-1,-1,0,0,0,0,0
1503635156006114,baseline3,-1,2,-1,0,-1,-1,-2,0
1503635156006114,baseline3,0,-1,-1,1,-1,1,-1,0
1503635156007115,baseline3,-1,0,-2,0,-2,-3,-1,0
1503635156007115,baseline3,0,-2,1,0,0,0,-1,-1
1503635156028129,baseline3,-5,-15,-6,-3,-3,-2,-2,-3
1503635156028129,baseline3,0,-1,1,0,-1,-1,0,0
1503635156030130,baseline3,0,-2,-1,-1,-1,0,-1,0
1503635156030130,baseline3,0,0,-2,2,0,0,0,-1
1503635156051144,baseline3,1,0,0,0,0,-1,0,1
1503635156051144,baseline3,-1,-2,-2,0,-2,-1,-2,0
1503635156052145,baseline3,-1,0,-1,-1,0,0,-3,-1
1503635156052145,baseline3,-2,-3,-2,-1,0,-2,-1,-1
1503635156065154,baseline3,0,4,0,2,-1,1,-1,1
1503635156065154,baseline3,-1,0,-1,2,-1,-1,-1,0
1503635156072159,baseline3,0,4,0,0,-3,1,0,1
1503635156072159,baseline3,-1,0,1,-2,-1,-1,-3,0
1503635156088168,baseline3,0,1,0,-1,0,0,-1,-1
1503635156088168,baseline3,-2,-2,-1,-1,-2,-2,-2,-1
1503635156090169,baseline3,-1,-5,-2,0,0,-2,-1,-1
1503635156090169,baseline3,1,0,-2,0,-1,1,0,0
1503635156110183,baseline3,-1,1,-1,0,0,1,-1,1
1503635156110183,baseline3,-1,-3,-1,1,0,2,1,1
1503635156112184,baseline3,-2,-1,-1,-2,-3,-2,-1,1
1503635156112184,baseline3,0,1,-2,0,-2,-1,-2,-2
1503635156125193,baseline3,0,1,0,-1,-1,-1,0,0
1503635156125193,baseline3,-1,-2,-1,1,-1,-2,-2,-1
1503635156132197,baseline3,2,6,1,1,0,0,0,3
1503635156132197,baseline3,0,-1,0,1,-2,-1,0,1
1503635156148208,baseline3,0,1,0,0,-1,2,3,1
1503635156148208,baseline3,2,3,-1,-1,-1,-2,-2,1
1503635156150209,baseline3,-4,-7,-2,0,-1,0,-1,0
1503635156150209,baseline3,0,-3,-1,0,-1,0,-2,0
1503635156170222,baseline3,-2,0,-1,0,0,-1,-2,-1
1503635156170222,baseline3,-1,-4,0,1,0,-1,-1,0
1503635156172224,baseline3,-1,-3,-2,-1,-1,-1,-1,-1
1503635156172224,baseline3,-1,-2,-2,0,-1,0,-3,-1
1503635156185232,baseline3,0,-1,0,-1,-1,1,-1,1
1503635156185232,baseline3,-1,1,0,-1,0,0,0,1
1503635156192236,baseline3,-1,-2,-1,0,-2,-1,-1,0
1503635156192236,baseline3,1,2,0,0,-1,-2,-1,1
1503635156208247,baseline3,-3,-4,-3,0,-1,-1,1,-1
1503635156208247,baseline3,-1,-1,-1,-3,-1,-1,0,-1
1503635156210248,baseline3,0,-1,0,0,-1,-1,-4,0
1503635156210248,baseline3,-1,-2,-1,0,-1,0,-1,-1
1503635156230271,baseline3,-5,-14,-5,-2,-4,-5,-6,-3
1503635156230271,baseline3,-2,0,-1,-1,0,1,-1,0
1503635156232264,baseline3,-1,-2,-1,0,-1,0,0,0
1503635156232264,baseline3,0,1,-1,1,-1,0,1,2
1503635156245272,baseline3,-1,-3,0,-1,-1,1,-2,0
1503635156245272,baseline3,1,1,-1,1,-1,-1,-1,1
1503635156252276,baseline3,0,1,1,0,0,1,1,0
1503635156252276,baseline3,-3,-6,-2,0,-2,0,0,0
1503635156268287,baseline3,0,1,2,0,0,-1,0,0
1503635156268287,baseline3,0,-3,-3,0,-1,0,-2,-1
1503635156269287,baseline3,1,0,-1,-1,1,-1,0,1
1503635156269287,baseline3,0,0,-1,-1,-1,-1,-4,0
1503635156290301,baseline3,1,4,0,1,0,-2,-1,1
1503635156290301,baseline3,-1,0,-1,0,0,0,-2,-1
1503635156292302,baseline3,-1,-1,-2,-2,-1,-1,-2,-1
1503635156292302,baseline3,-1,0,-1,-1,1,-1,0,1
1503635156305311,baseline3,2,3,-1,-1,-1,-1,-2,1
1503635156305311,baseline3,-3,-6,-2,0,-1,-1,-3,-2
1503635156311316,baseline3,5,13,3,2,0,0,3,2
1503635156311316,baseline3,0,0,-1,0,-2,0,-1,-1
1503635156328326,baseline3,1,1,0,1,1,0,0,0
1503635156328326,baseline3,1,1,0,0,-1,-2,-1,1
1503635156329327,baseline3,-2,-6,-2,0,0,-1,-2,-2
1503635156329327,baseline3,0,-2,-1,-1,2,0,0,-1
1503635156350340,baseline3,0,1,1,-1,-1,-1,0,0
1503635156350340,baseline3,0,-2,-1,-2,-1,-1,-1,-1
1503635156352342,baseline3,-3,-5,-3,0,-2,-1,-2,-2
1503635156352342,baseline3,-2,-2,0,-1,-2,0,-1,-2
1503635156365351,baseline3,-2,-3,-2,1,-1,1,-1,0
1503635156365351,baseline3,1,-1,-1,0,-2,-1,-1,1
1503635156372357,baseline3,-2,-2,-2,-1,-1,-1,-2,-2
1503635156372357,baseline3,0,0,-1,0,-1,-2,-2,1
1503635156388366,baseline3,1,0,-1,0,-1,1,0,0
1503635156388366,baseline3,-2,-1,-2,1,0,2,0,1
1503635156389366,baseline3,-1,-3,-2,0,-1,-1,-2,1
1503635156389366,baseline3,-2,-2,-1,0,-2,-1,-1,0
1503635156410380,baseline3,0,-2,0,-1,0,0,-1,1
1503635156410380,baseline3,0,-1,0,0,-1,1,-1,0
1503635156412382,baseline3,-1,-3,1,-1,-2,-1,-1,0
1503635156412382,baseline3,-1,-1,-1,0,0,0,0,-1
1503635156424389,baseline3,-1,0,-1,0,-1,-1,-1,-1
1503635156424389,baseline3,0,0,-3,-1,-1,-2,0,-1
1503635156433395,baseline3,0,-2,0,0,-1,0,-3,0
1503635156433395,baseline3,-2,-3,-1,1,-1,-1,-1,1
1503635156448404,baseline3,2,2,0,1,-1,-1,0,2
1503635156448404,baseline3,-1,-2,-1,0,-1,0,-2,-1
1503635156449406,baseline3,-7,-15,-5,-2,-1,0,-2,-2
1503635156449406,baseline3,2,1,-1,-1,-2,-1,0,0
1503635156470419,baseline3,-1,-2,-2,0,0,0,0,-1
1503635156470419,baseline3,-1,0,-1,-1,-2,-1,-2,2
1503635156472420,baseline3,-1,-1,-1,0,0,-1,0,-2
1503635156472420,baseline3,1,-1,-2,-3,-1,0,-2,0
1503635156493434,baseline3,-2,-2,-1,-1,0,-1,-1,0
1503635156493434,baseline3,1,-3,0,0,0,0,0,-1
1503635156494436,baseline3,1,2,-1,0,-2,0,-1,1
1503635156494436,baseline3,-1,-1,-2,0,0,1,-1,1
1503635156508444,baseline3,-1,0,-1,1,-2,-3,-4,-1
1503635156508444,baseline3,-1,-1,-2,0,1,0,1,0
1503635156509444,baseline3,-1,1,1,-1,-1,-1,0,-1
1503635156509444,baseline3,-2,-1,-2,-1,0,0,-1,-1
1503635156530458,baseline3,-1,-3,-2,0,-1,-1,1,0
1503635156530458,baseline3,0,-1,-2,0,-2,-2,-4,0
1503635156532459,baseline3,0,-2,-1,1,-1,-2,0,1
1503635156532459,baseline3,-4,-12,-4,-1,-2,-2,-1,-2
1503635156544468,baseline3,2,4,-1,-1,0,0,-1,0
1503635156544468,baseline3,-2,-1,-1,-1,-1,0,0,-1
1503635156553473,baseline3,0,3,0,0,0,-2,-2,-1
1503635156553473,baseline3,-1,-3,0,-1,-3,-1,-4,0
1503635156568484,baseline3,-1,-4,-1,-1,-3,0,1,0
1503635156568484,baseline3,-1,0,-2,1,-1,2,0,0
1503635156569484,baseline3,-2,-4,-2,-1,0,-1,-1,-1
1503635156569484,baseline3,0,-1,0,0,0,0,0,1
1503635156590498,baseline3,0,-2,-1,0,0,-2,-2,-1
1503635156590498,baseline3,0,0,-1,-1,0,-2,0,0
1503635156592499,baseline3,-1,-1,-1,0,1,1,-1,0
1503635156592499,baseline3,0,2,1,1,1,0,2,0
1503635156604507,baseline3,-1,0,-2,0,-1,1,-1,-1
1503635156604507,baseline3,-1,-4,-1,-1,-1,-2,-1,1
1503635156613513,baseline3,0,1,-2,1,-1,0,0,0
1503635156613513,baseline3,0,1,0,0,-2,-1,-1,-1
1503635156628522,baseline3,-3,-3,-1,0,0,0,-2,0
1503635156628522,baseline3,-2,-2,0,-1,-1,-1,-1,-1
1503635156629524,baseline3,-2,-1,-1,-2,0,0,0,-1
1503635156629524,baseline3,0,1,-1,0,0,1,2,1
1503635156650537,baseline3,-2,2,-2,-2,-2,-1,-4,-1
1503635156650537,baseline3,1,2,0,1,1,0,-2,1
1503635156652539,baseline3,-2,-1,1,-1,-1,-1,-2,1
1503635156652539,baseline3,1,3,1,1,-1,-1,-2,0
1503635156664547,baseline3,-3,-4,-2,1,1,1,1,-1
1503635156664547,baseline3,-2,-3,-1,0,-2,0,-1,-1
1503635156673552,baseline3,1,0,-1,0,-1,-1,-1,0
1503635156673552,baseline3,-3,-5,-2,0,-2,-1,-1,-1
1503635156687562,baseline3,1,-1,-1,0,-1,-2,-1,1
1503635156687562,baseline3,0,-1,-2,-1,1,0,-1,-1
1503635156695567,baseline3,-1,-1,-2,0,-2,-2,-1,-1
1503635156695567,baseline3,1,1,1,0,1,1,-1,-2
1503635156710577,baseline3,-1,-1,-1,1,-1,-1,-3,0
1503635156710577,baseline3,0,1,0,0,-1,2,4,1
1503635156712578,baseline3,-1,-2,-2,-1,-2,-2,-4,-1
1503635156712578,baseline3,-1,-2,-2,0,-1,-2,-2,0
1503635156724586,baseline3,-2,-4,0,-1,-1,-2,-2,-2
1503635156724586,baseline3,2,8,2,2,0,0,-2,-1
1503635156733591,baseline3,0,1,1,0,1,1,1,1
1503635156733591,baseline3,-1,-1,0,1,-2,-1,-3,0
1503635156748601,baseline3,-1,-3,0,-3,0,0,0,0
1503635156748601,baseline3,-1,-1,0,0,0,-1,0,1
1503635156749601,baseline3,-2,-1,-2,-1,0,-1,1,-1
1503635156749601,baseline3,1,2,-1,-1,-1,0,-1,1
1503635156770615,baseline3,0,-1,-2,1,-1,0,0,0
1503635156770615,baseline3,-3,-5,-2,0,-2,0,-2,0
1503635156772617,baseline3,-1,0,-2,0,-1,1,0,-1
1503635156772617,baseline3,0,-4,-2,0,0,0,0,0
1503635156784625,baseline3,0,0,0,-1,0,-2,-2,-1
1503635156784625,baseline3,1,-3,-1,0,0,2,1,1
1503635156793632,baseline3,1,-3,-2,0,-3,-1,-3,-1
1503635156793632,baseline3,-1,-2,-2,-2,-1,0,-1,0
1503635156807640,baseline3,0,-1,0,-2,-1,-1,-2,0
1503635156807640,baseline3,-1,-3,0,0,-1,-3,-4,0
1503635156809641,baseline3,-1,-2,-1,0,0,1,1,1
1503635156809641,baseline3,-1,-1,-1,0,-1,2,2,0
1503635156830655,baseline3,-3,-5,-2,1,-1,0,-2,-1
1503635156830655,baseline3,5,14,4,2,-1,-2,-3,0
1503635156832656,baseline3,0,0,-1,0,-1,0,0,2
1503635156832656,baseline3,-3,-2,0,0,-1,-1,-2,1
1503635156852670,baseline3,0,0,-1,0,-2,0,0,1
1503635156852670,baseline3,-3,-9,-3,-1,-1,-1,-1,-2
1503635156854671,baseline3,1,-3,-1,-1,-1,-2,-2,1
1503635156854671,baseline3,1,3,0,0,0,0,-2,2
1503635156867679,baseline3,0,0,-2,-1,0,-1,-1,1
1503635156867679,baseline3,-4,-5,-5,-4,-2,-1,0,-1
1503635156869681,baseline3,-2,-2,-1,1,2,0,-2,0
1503635156869681,baseline3,-3,-6,-3,-1,-1,-4,-1,-1
1503635156890695,baseline3,0,-1,0,1,0,0,-2,0
1503635156890695,baseline3,0,-4,-1,0,-2,-2,-1,-2
1503635156892696,baseline3,0,0,-1,1,0,1,-1,2
1503635156892696,baseline3,0,-1,0,0,-1,0,-1,-1
1503635156912709,baseline3,-1,-2,0,0,-1,-2,0,-2
1503635156912709,baseline3,4,15,3,2,1,1,-1,2
1503635156914710,baseline3,3,5,1,1,-1,0,0,0
1503635156914710,baseline3,0,1,-1,1,0,-1,0,1
1503635156927719,baseline3,0,2,0,-1,-2,-1,0,0
1503635156927719,baseline3,-3,-8,-2,0,0,-1,-2,-1
1503635156929720,baseline3,-2,-4,0,-1,-2,0,1,0
1503635156929720,baseline3,1,1,-2,0,0,-2,-4,0
1503635156950734,baseline3,-2,-1,-2,0,-1,2,1,0
1503635156950734,baseline3,-2,-5,-3,0,-2,-1,-1,0
1503635156952735,baseline3,-2,-2,-1,-1,-1,-1,-2,-1
1503635156952735,baseline3,-2,-2,0,-1,-1,-2,0,1
1503635156972748,baseline3,0,-3,-3,-1,0,0,-2,-1
1503635156972748,baseline3,-2,-5,-1,0,-1,0,-1,0
1503635156974750,baseline3,-1,-2,-2,-1,-2,0,0,0
1503635156974750,baseline3,1,1,1,0,-2,0,-1,0
1503635156987758,baseline3,0,0,-1,-1,-2,-1,-3,0
1503635156987758,baseline3,-3,-2,-3,-2,0,-2,-2,-1
1503635156994762,baseline3,-2,-3,-2,-1,-1,-2,-2,-1
1503635156994762,baseline3,-2,-3,-3,0,-1,0,0,-1
1503635157010773,baseline3,3,10,1,1,-1,0,0,1
1503635157010773,baseline3,0,-3,-1,-1,-2,0,1,1
1503635157011774,baseline3,-1,-1,-2,-1,0,1,-2,0
1503635157011774,baseline3,1,0,0,0,-2,-2,-2,0
1503635157032787,baseline3,-4,-5,-2,0,0,0,-1,-1
1503635157032787,baseline3,0,-2,-2,-1,0,-3,-3,-2
1503635157034790,baseline3,-1,-3,0,0,-1,0,2,-1
1503635157034790,baseline3,-1,-4,-2,0,-1,3,0,1
1503635157047797,baseline3,0,-3,-2,-1,-2,-1,-1,1
1503635157047797,baseline3,-2,-2,0,1,-1,-1,-3,0
1503635157053801,baseline3,0,-3,-2,0,-2,-1,-2,0
1503635157053801,baseline3,-1,-1,-2,-1,0,1,-2,-2
1503635157070812,baseline3,-1,-3,-2,0,-1,-1,1,0
1503635157070812,baseline3,-2,-2,-2,0,0,2,-1,0
1503635157071813,baseline3,-1,0,0,0,0,-2,-1,-1
1503635157071813,baseline3,-2,-1,0,0,-2,-1,-1,0
1503635157092827,baseline3,-2,-1,-2,0,-1,-1,-1,-1
1503635157092827,baseline3,7,17,4,1,0,1,2,3
1503635157094828,baseline3,-2,-2,-1,-1,-2,0,0,-1
1503635157094828,baseline3,-1,1,0,1,0,0,1,0
1503635157107837,baseline3,0,-2,-2,-1,-2,-3,-6,-1
1503635157107837,baseline3,-3,-7,-4,-2,-2,0,1,-1
1503635157113840,baseline3,0,-1,-1,-1,0,0,0,-1
1503635157113840,baseline3,1,1,0,-1,-2,0,-1,0
1503635157130851,baseline3,-3,-6,-1,0,0,0,1,-1
1503635157130851,baseline3,-1,-4,-2,0,-2,-2,-3,0
1503635157131852,baseline3,0,0,-1,0,0,0,-1,-1
1503635157131852,baseline3,-3,-5,-2,-2,-2,-2,-1,0
1503635157152866,baseline3,-1,-2,0,0,-1,1,0,0
1503635157152866,baseline3,-3,-5,-2,1,-1,-1,-2,-1
1503635157154868,baseline3,1,1,0,1,1,1,1,0
1503635157154868,baseline3,0,-1,1,0,0,0,-1,1
1503635157167876,baseline3,-2,-8,-2,-1,-2,-2,-3,-3
1503635157167876,baseline3,3,8,2,1,0,2,1,2
1503635157173880,baseline3,-1,-2,-1,0,-1,-2,-3,-1
1503635157173880,baseline3,-1,0,-3,-2,-1,0,0,0
1503635157190891,baseline3,-1,-2,-2,-1,0,1,2,0
1503635157190891,baseline3,-3,-10,-4,-2,-4,-3,-1,-2
1503635157192892,baseline3,2,3,2,2,-2,-1,-3,1
1503635157192892,baseline3,0,0,1,2,1,0,-2,0
1503635157212905,baseline3,0,3,0,2,-1,-2,-2,0
1503635157212905,baseline3,-2,-4,-1,-1,0,-1,-1,-1
1503635157214907,baseline3,-1,-1,-2,-1,0,-1,0,1
1503635157214907,baseline3,-1,-3,-3,-2,-1,-1,-1,-1
1503635157227915,baseline3,-1,-1,-1,-1,1,0,-1,0
1503635157227915,baseline3,-2,-3,-2,-2,-1,-2,-1,-2
1503635157233919,baseline3,-1,-3,-1,-1,0,-1,0,0
1503635157233919,baseline3,1,-2,-1,-1,-1,-2,-4,-1
1503635157250932,baseline3,-1,0,-2,0,1,0,-1,0
1503635157250932,baseline3,-1,-4,0,-1,0,2,0,0
1503635157251934,baseline3,5,16,3,1,1,1,1,3
1503635157251934,baseline3,-3,-1,0,0,-1,0,0,0
1503635157272945,baseline3,0,0,0,1,-2,-2,-1,1
1503635157272945,baseline3,0,-3,-1,0,-1,-2,-3,-1
1503635157274947,baseline3,-2,-6,-2,-1,-3,-1,-1,0
1503635157274947,baseline3,-2,-5,-3,-1,-2,-2,-2,-1
1503635157287955,baseline3,0,1,1,0,1,1,-1,1
1503635157287955,baseline3,-3,-3,-2,-1,1,0,-1,-1
1503635157293959,baseline3,-2,-5,-2,-1,-1,1,0,-1
1503635157293959,baseline3,-1,-2,-2,-1,-3,-2,0,0
1503635157310969,baseline3,0,0,-1,1,1,1,1,1
1503635157310969,baseline3,-1,0,-1,0,-1,-3,-3,0
1503635157311970,baseline3,-1,-4,-2,1,-1,0,-1,0
1503635157311970,baseline3,0,2,0,0,-2,-1,-2,0
1503635157332984,baseline3,-1,-3,-1,0,-1,-1,0,0
1503635157332984,baseline3,0,-2,0,0,0,0,-1,0
1503635157334985,baseline3,0,-1,-1,-1,-1,-2,-3,0
1503635157334985,baseline3,0,-1,-2,-1,-1,0,-1,-2
1503635157346993,baseline3,-2,-8,-3,-1,-3,-1,-2,0
1503635157346993,baseline3,4,9,3,1,-2,-1,1,1
1503635157356000,baseline3,-1,-5,0,1,-1,0,0,0
1503635157356000,baseline3,0,-1,0,0,1,0,0,0
1503635157371011,baseline3,-3,-4,-3,-3,-4,-3,0,-1
1503635157371011,baseline3,-2,-6,-4,0,0,0,-2,-1
1503635157372011,baseline3,-1,-2,-1,0,0,1,-2,-1
1503635157372011,baseline3,1,2,0,1,-1,-3,-3,0
1503635157393023,baseline3,1,2,-2,1,-1,-1,-1,0
1503635157393023,baseline3,-1,-4,-1,-1,-1,-1,-2,-1
1503635157395026,baseline3,-1,-1,-1,-1,0,1,2,1
1503635157395026,baseline3,-1,-2,-1,-1,-2,0,0,-1
1503635157416039,baseline3,0,-1,0,0,1,1,0,-1
1503635157416039,baseline3,-2,-5,-3,0,0,0,-1,0
1503635157417039,baseline3,-2,-3,-2,-1,-1,-1,-2,-2
1503635157417039,baseline3,-1,-1,-2,1,0,1,0,0
1503635157431048,baseline3,-4,-6,-3,-1,-3,0,-3,-1
1503635157431048,baseline3,-1,2,-1,1,-1,1,-1,0
1503635157432049,baseline3,-1,-4,-1,-1,-1,-3,-2,-2
1503635157432049,baseline3,0,1,-1,0,0,0,-1,0
1503635157453063,baseline3,0,1,-2,0,0,0,0,0
1503635157453063,baseline3,-2,-4,-1,-1,-3,-2,0,0
1503635157455065,baseline3,-1,-1,-2,1,-1,-3,-2,-2
1503635157455065,baseline3,-1,-5,-1,0,0,0,-1,0
1503635157467072,baseline3,0,2,-1,0,0,-1,-3,-2
1503635157467072,baseline3,-1,0,-1,1,0,0,-1,0
1503635157476079,baseline3,0,-1,-2,-1,-1,-2,-1,1
1503635157476079,baseline3,-1,-1,0,0,1,1,1,0
1503635157491088,baseline3,-1,0,0,-2,0,0,-2,0
1503635157491088,baseline3,1,0,-1,0,-1,0,-1,0
1503635157493091,baseline3,-2,-3,-1,0,-1,1,-1,0
1503635157493091,baseline3,-1,-3,-2,-1,-1,-1,0,-2
1503635157513102,baseline3,-1,1,-1,-1,-3,-2,-1,0
1503635157513102,baseline3,-2,-2,0,-2,-1,0,1,0
1503635157515104,baseline3,-6,-16,-5,-1,-3,-2,-3,-3
1503635157515104,baseline3,1,1,0,1,-1,-1,1,1
1503635157527113,baseline3,0,-2,1,2,0,-2,-3,0
1503635157527113,baseline3,-1,0,-1,0,-1,-1,0,0
1503635157536118,baseline3,-1,0,-2,0,0,1,-1,0
1503635157536118,baseline3,-3,-1,-1,0,0,0,-1,3
1503635157551127,baseline3,1,3,-1,0,0,0,1,0
1503635157551127,baseline3,-1,-2,-1,-1,-1,0,1,0
1503635157552129,baseline3,0,1,-1,1,0,-1,-3,-1
1503635157552129,baseline3,1,-1,-1,0,-1,-1,-2,0
1503635157573142,baseline3,0,1,1,0,-1,-1,0,1
1503635157573142,baseline3,-1,-1,0,-1,-3,0,-1,1
1503635157575144,baseline3,1,3,1,0,0,3,2,0
1503635157575144,baseline3,-1,-2,-1,-1,-1,0,-1,1
1503635157587151,baseline3,-1,-3,-1,1,-1,0,-1,0
1503635157587151,baseline3,-2,-1,-1,-1,0,-1,-1,-1
1503635157596157,baseline3,0,-1,-2,0,-2,-2,-1,0
1503635157596157,baseline3,4,12,4,2,1,0,0,1
1503635157618171,baseline3,0,-1,-2,1,-1,-1,-1,-1
1503635157618171,baseline3,2,3,-1,1,0,1,1,1
1503635157620173,baseline3,0,1,0,1,1,2,1,0
1503635157620173,baseline3,-3,-5,-3,-1,-1,-1,-1,-1
1503635157633181,baseline3,-1,0,0,0,0,2,0,0
1503635157633181,baseline3,-1,1,0,0,-1,-1,-4,-1
1503635157635182,baseline3,0,-1,0,-1,0,-1,-1,-1
1503635157635182,baseline3,-1,-1,-3,0,-2,-2,-1,-1
1503635157647190,baseline3,-2,-1,-1,-1,-2,-1,-1,0
1503635157647190,baseline3,-3,-6,-4,-1,1,-2,-1,-1
1503635157656197,baseline3,-2,-2,0,1,0,0,-1,0
1503635157656197,baseline3,-3,-3,-1,-1,-1,-2,-3,-1
1503635157670206,baseline3,-1,0,0,-1,-2,1,-1,1
1503635157670206,baseline3,2,0,-1,1,-2,0,-1,0
1503635157672208,baseline3,-2,-1,-1,-2,-2,0,0,0
1503635157672208,baseline3,-1,-2,-2,-1,-2,-1,-3,0
1503635157693221,baseline3,-1,-6,-2,-1,-1,0,-1,-2
1503635157693221,baseline3,5,14,6,2,0,1,0,2
1503635157695222,baseline3,0,2,-1,-1,-1,0,-1,1
1503635157695222,baseline3,-1,-3,-2,-2,-2,0,0,0