17.01477,0.056716,0.043835,0.032917,1.551306,0.005188,0.07191,27.007856,26,200,2.932068,0.009774,0.007067,0.005028,0.053328,0.000178,0.013333,4.458827,0,168,1.525195,0.005084,0.003859,0.002717,0.012982,0.000043,0.006578,2.180354,0,142,1.624219,0.005414,0.004002,0.002657,0.016084,0.000054,0.007322,2.517681,0,152,1.242983,0.004143,0.003056,0.002025,0.008587,0.000029,0.00535,1.725475,0,133,1.243584,0.004145,0.003181,0.002347,0.007891,0.000026,0.005129,1.599985,0,127,1.46411,0.00488,0.003732,0.002848,0.012366,0.000041,0.00642,2.003895,0,121,7.634754,0.025449,0.01982,0.015451,0.331958,0.00111,0.033264,11.568623,2,192,4.33521,0.014451,0.011069,0.008249,0.249313,0.000834,0.018663,6.632837
18.132686,0.060442,0.044113,0.027669,1.795845,0.006006,0.07737,29.694117,32,214,2.692863,0.008976,0.00674,0.004493,0.038329,0.000128,0.011303,4.003936,0,183,1.192926,0.003976,0.002966,0.001955,0.00844,0.000028,0.005304,1.639202,0,127,1.256637,0.004189,0.003139,0.002136,0.008157,0.000027,0.005214,1.756919,0,140,1.046669,0.003489,0.002635,0.001886,0.005858,0.00002,0.004419,1.478405,0,135,1.059403,0.003531,0.002613,0.00173,0.005401,0.000018,0.004243,1.40783,0,123,1.435827,0.004786,0.003573,0.00247,0.011453,0.000038,0.006179,2.039189,0,146,9.806765,0.032689,0.024198,0.015375,0.553178,0.00185,0.042941,15.890196,1,197,4.577972,0.01526,0.011247,0.007214,0.303333,0.001014,0.019622,7.238724
29.392548,0.097975,0.072053,0.0451,4.979415,0.016654,0.128833,49.031376,81,210,3.900731,0.013002,0.009905,0.00664,0.082999,0.000278,0.016633,5.792155,0,175,5.659204,0.018864,0.014353,0.009702,0.174414,0.000583,0.024112,9.015682,0,193,8.071787,0.026906,0.02022,0.013261,0.374881,0.001254,0.03535,13.713724,2,215,3.01207,0.01004,0.007698,0.005171,0.049965,0.000167,0.012905,4.435281,0,157,3.709869,0.012366,0.009239,0.006882,0.078351,0.000262,0.016161,6.011776,0,195,3.598559,0.011995,0.009012,0.005638,0.094042,0.000315,0.017705,5.913721,0,193,10.73533,0.035784,0.025822,0.01667,0.643211,0.002151,0.046304,16.556853,5,187,8.510012,0.028367,0.021038,0.013633,0.80966,0.002708,0.03725,13.808821
35.407561,0.118025,0.090557,0.066259,6.628457,0.022169,0.148643,56.76862,93,198,5.333343,0.017778,0.013465,0.009058,0.157913,0.000528,0.022943,8.117649,0,187,4.985275,0.016618,0.012068,0.007751,0.135934,0.000455,0.021286,7.886282,0,189,7.653878,0.025513,0.018942,0.012275,0.310993,0.00104,0.032197,12.043134,0,201,2.809774,0.009366,0.006873,0.004398,0.044613,0.000149,0.012195,4.003906,0,166,3.231371,0.010771,0.008147,0.00552,0.060883,0.000204,0.014246,5.133347,0,193,3.461634,0.011539,0.008217,0.005089,0.078627,0.000263,0.016189,5.792157,0,188,11.374766,0.037916,0.028857,0.019085,0.721276,0.002412,0.049033,18.203935,9,191,9.2822,0.030941,0.023391,0.016179,1.017337,0.003402,0.039592,14.743629
24.228115,0.08076,0.062181,0.043984,3.349341,0.011202,0.105662,40.137251,67,213,3.51116,0.011704,0.008831,0.006363,0.069363,0.000232,0.015206,5.474511,0,180,2.003441,0.006678,0.005139,0.003805,0.02252,0.000075,0.008664,2.999979,0,164,1.987729,0.006626,0.005223,0.004206,0.023696,0.000079,0.008887,3.039244,0,156,1.396397,0.004655,0.003458,0.002376,0.010327,0.000035,0.005867,2.074479,0,155,1.34514,0.004484,0.003376,0.002144,0.00906,0.00003,0.005495,1.898036,0,149,3.171762,0.010573,0.008001,0.005509,0.075727,0.000253,0.015888,5.482338,0,177,8.603591,0.028679,0.021892,0.015465,0.465839,0.001558,0.039406,13.250988,1,200,5.780917,0.01927,0.014763,0.010482,0.503234,0.001683,0.025634,9.294603
20.720357,0.069068,0.051654,0.032289,2.34644,0.007848,0.088439,33.619596,41,196,2.59221,0.008641,0.006513,0.004275,0.03592,0.00012,0.010942,3.694118,0,169,1.794243,0.005981,0.00445,0.002813,0.017333,0.000058,0.007601,2.494096,0,141,1.526701,0.005089,0.003665,0.002213,0.012912,0.000043,0.00656,2.239258,0,139,1.190616,0.003969,0.002993,0.002013,0.007818,0.000026,0.005105,1.662712,0,132,1.227416,0.004091,0.002984,0.001905,0.007613,0.000025,0.005038,1.623524,0,136,2.102497,0.007008,0.005643,0.004117,0.062152,0.000208,0.014393,3.329385,1,147,8.469085,0.02823,0.020886,0.013047,0.442215,0.001479,0.038393,13.137256,7,192,4.952891,0.01651,0.012348,0.007834,0.36655,0.001226,0.022059,7.724993
22.039504,0.073465,0.05397,0.036371,2.483234,0.008305,0.09098,35.619619,56,196,2.560853,0.008536,0.006304,0.004284,0.033305,0.000111,0.010537,3.858824,0,170,1.728544,0.005762,0.004106,0.002619,0.019996,0.000067,0.008164,2.603892,0,147,1.465149,0.004884,0.003544,0.002162,0.011713,0.000039,0.006248,2.062788,0,140,1.171251,0.003904,0.002858,0.001799,0.007634,0.000026,0.005044,1.701936,0,119,1.631491,0.005438,0.004036,0.002504,0.013975,0.000047,0.006825,2.356871,0,166,7.639214,0.025464,0.018738,0.012128,0.410171,0.001372,0.036976,12.933344,6,198,11.028487,0.036762,0.026603,0.016578,0.665163,0.002225,0.047087,17.525466,3,196,6.158062,0.020527,0.01502,0.009806,0.455649,0.001524,0.026483,9.832843
23.416628,0.078055,0.059289,0.042994,2.977939,0.00996,0.099632,39.517649,67,206,3.015781,0.010053,0.007722,0.005523,0.051134,0.000171,0.013056,4.647062,0,180,4.815376,0.016051,0.011999,0.008472,0.136533,0.000457,0.021333,7.549006,0,184,5.264468,0.017548,0.0129,0.008414,0.155019,0.000518,0.022732,8.427462,0,203,1.815998,0.006053,0.004541,0.003014,0.017709,0.000059,0.007683,2.556833,0,143,2.650966,0.008837,0.005788,0.000397,0.066575,0.000223,0.014897,4.243147,0,158,7.133326,0.023778,0.018568,0.013155,0.37068,0.00124,0.035151,12.219614,4,208,10.419268,0.034731,0.026182,0.018511,0.69494,0.002324,0.04813,17.176465,7,192,7.316476,0.024388,0.018374,0.01256,0.558816,0.001869,0.032827,12.042155
27.606909,0.092023,0.076364,0.07348,5.583329,0.018673,0.136422,46.094117,77,203,9.9203,0.033068,0.02355,0.011815,0.605443,0.002025,0.044924,16.172554,9,208,10.855282,0.036184,0.027158,0.017266,0.627721,0.002099,0.045743,17.399993,5,192,10.410747,0.034702,0.028646,0.025288,0.649385,0.002172,0.046525,16.647065,9,196,4.895937,0.01632,0.013265,0.010602,0.138741,0.000464,0.021505,7.60784,0,185,3.960632,0.013202,0.01033,0.008506,0.096378,0.000322,0.017924,6.215682,0,191,5.533983,0.018447,0.014713,0.012579,0.220508,0.000737,0.027111,9.305883,1,183,10.510637,0.035035,0.02775,0.025617,0.788496,0.002637,0.051267,17.172548,9,200,10.461803,0.034873,0.027722,0.023144,1.08875,0.003641,0.048928,17.07696
21.432697,0.071442,0.054039,0.034112,2.65197,0.008869,0.094021,35.109821,47,206,3.095509,0.010318,0.007849,0.005179,0.055656,0.000186,0.013621,4.670579,0,169,2.550735,0.008502,0.006423,0.00422,0.03697,0.000124,0.011101,4.137246,0,175,2.615364,0.008718,0.006605,0.004411,0.03666,0.000123,0.011054,4.156877,0,188,1.784395,0.005948,0.004558,0.00332,0.017987,0.00006,0.007743,2.858813,0,171,2.807342,0.009358,0.007158,0.006085,0.061096,0.000204,0.014271,4.654914,0,179,2.358736,0.007862,0.005564,0.005062,0.077577,0.000259,0.016081,3.647039,2,155,8.527163,0.028424,0.021659,0.014713,0.41144,0.001376,0.037033,13.772553,1,197,5.646493,0.018822,0.014232,0.009638,0.41867,0.0014,0.025616,9.12598
21.669489,0.072232,0.054784,0.036935,2.463961,0.008241,0.090627,34.1412,49,211,2.681127,0.008937,0.00662,0.004336,0.040728,0.000136,0.011652,4.207851,0,185,2.249539,0.007498,0.005341,0.003119,0.03055,0.000102,0.010091,3.654885,0,171,2.795083,0.009317,0.006786,0.004329,0.045979,0.000154,0.01238,4.313749,0,166,1.496973,0.00499,0.003702,0.002418,0.012082,0.00004,0.006346,2.13724,0,141,1.498153,0.004994,0.00367,0.002251,0.012014,0.00004,0.006328,2.196079,0,154,2.513607,0.008379,0.006473,0.004591,0.043886,0.000147,0.012095,4.10587,0,176,9.565005,0.031883,0.023776,0.015405,0.526717,0.001762,0.041901,15.772555,1,206,5.558622,0.018529,0.013894,0.009173,0.39699,0.001328,0.023928,8.816179
24.067047,0.080223,0.062492,0.051164,3.403285,0.011382,0.10651,39.427444,62,216,3.888901,0.012963,0.009657,0.007245,0.086833,0.00029,0.017013,6.403914,0,197,5.882725,0.019609,0.01504,0.011621,0.192842,0.000645,0.025354,9.388232,0,189,5.853377,0.019511,0.014867,0.010351,0.18343,0.000613,0.024727,9.701958,0,208,2.43204,0.008107,0.005978,0.003798,0.032025,0.000107,0.010332,3.764685,0,168,2.25888,0.00753,0.005729,0.003534,0.037425,0.000125,0.011169,3.278447,0,180,5.885167,0.019617,0.013465,0.004674,0.33913,0.001134,0.033622,9.913715,6,184,8.059661,0.026866,0.021177,0.017376,0.366223,0.001225,0.034939,12.513723,1,190,7.290975,0.024303,0.018551,0.01372,0.580149,0.00194,0.032958,11.799015
20.685728,0.068952,0.050789,0.033174,2.3567,0.007882,0.088632,34.572555,48,209,2.400114,0.008,0.005775,0.003699,0.033695,0.000113,0.010598,3.82745,0,178,1.091059,0.003637,0.002614,0.00147,0.007364,0.000025,0.004955,1.639194,0,130,1.129602,0.003765,0.00273,0.00157,0.006794,0.000023,0.004759,1.568674,0,146,1.057286,0.003524,0.002574,0.001564,0.006353,0.000021,0.004602,1.466642,0,138,1.764544,0.005882,0.004316,0.00283,0.021177,0.000071,0.008402,2.686269,0,164,3.669977,0.012233,0.008421,0.006069,0.117656,0.000393,0.019804,6.062742,1,184,8.105757,0.027019,0.019823,0.013977,0.424598,0.00142,0.037621,12.603921,1,194,4.988008,0.016627,0.01213,0.008044,0.371792,0.001243,0.022421,8.053431
19.171996,0.063907,0.047143,0.028083,2.141317,0.007162,0.084485,30.078421,46,200,3.079825,0.010266,0.007568,0.004784,0.053574,0.000179,0.013363,4.572547,0,173,1.492862,0.004976,0.003726,0.002687,0.012979,0.000043,0.006578,2.250955,0,158,1.40293,0.004676,0.003535,0.002562,0.010495,0.000035,0.005915,1.996145,0,143,1.22325,0.004078,0.003067,0.002226,0.008104,0.000027,0.005198,1.698009,0,131,1.435681,0.004786,0.003501,0.002166,0.010166,0.000034,0.005821,2.145093,0,167,6.974459,0.023248,0.017492,0.010969,0.323062,0.00108,0.032816,11.88235,1,200,11.098663,0.036996,0.026915,0.017089,0.7089,0.002371,0.048611,16.439216,10,199,5.734958,0.019117,0.014118,0.00882,0.408575,0.001366,0.025348,8.882842
21.975639,0.073252,0.055889,0.040122,2.737285,0.009155,0.095521,35.48627,57,201,3.499387,0.011665,0.008853,0.005946,0.069138,0.000231,0.015181,5.400003,0,177,1.876982,0.006257,0.004726,0.003083,0.019527,0.000065,0.008068,2.850956,0,169,2.00002,0.006667,0.005033,0.003039,0.022947,0.000077,0.008746,3.027488,0,161,1.212089,0.00404,0.002988,0.001801,0.007961,0.000027,0.005152,1.670562,0,131,1.458936,0.004863,0.003755,0.002745,0.010843,0.000036,0.006012,2.047065,0,149,2.769168,0.009231,0.007148,0.005442,0.055528,0.000186,0.013605,4.348988,0,164,6.805173,0.022684,0.01741,0.012366,0.261709,0.000875,0.029536,10.215695,1,185,5.199674,0.017332,0.013225,0.009318,0.398117,0.001331,0.022727,8.130878
25.624479,0.085415,0.062896,0.04514,3.968801,0.013274,0.115019,42.047072,65,206,3.270639,0.010902,0.007925,0.005478,0.059541,0.000199,0.014088,4.886279,0,170,2.770143,0.009234,0.006638,0.003749,0.04494,0.00015,0.012239,4.439207,0,184,4.002245,0.013341,0.010082,0.006118,0.101626,0.00034,0.018405,6.184323,0,195,2.229028,0.00743,0.005632,0.003722,0.026426,0.000088,0.009386,3.19998,0,164,3.340407,0.011135,0.008282,0.00533,0.063988,0.000214,0.014605,5.364704,0,185,2.157909,0.007193,0.00534,0.003645,0.032886,0.00011,0.01047,3.129393,0,144,7.784934,0.02595,0.019177,0.013328,0.343664,0.001149,0.033846,11.870583,1,194,6.397473,0.021325,0.015747,0.010814,0.580234,0.001941,0.028507,10.140193
38.017286,0.126724,0.097505,0.06953,7.792062,0.02606,0.161163,63.078434,99,209,5.73209,0.019107,0.015343,0.011739,0.183053,0.000612,0.024702,9.078439,1,193,10.580873,0.03527,0.028086,0.021221,0.629818,0.002106,0.045819,17.149025,10,202,8.935723,0.029786,0.02358,0.018172,0.481522,0.00161,0.040063,14.305891,2,194,4.560306,0.015201,0.011811,0.008644,0.113531,0.00038,0.019453,7.129403,0,191,4.646778,0.015489,0.011309,0.005065,0.177117,0.000592,0.024298,7.796086,0,188,6.881846,0.022939,0.01815,0.011056,0.403847,0.001351,0.03669,11.082356,2,190,12.962582,0.043209,0.03451,0.025323,0.957244,0.003201,0.056487,20.380393,13,198,11.539685,0.038466,0.030037,0.021344,1.342274,0.004489,0.051084,18.750003
33.254453,0.110848,0.084851,0.057728,6.12547,0.020487,0.142892,54.952935,83,206,3.326904,0.01109,0.008616,0.005882,0.060905,0.000204,0.014248,5.062735,0,187,6.577329,0.021924,0.016309,0.009432,0.274366,0.000918,0.030242,10.168627,1,189,9.661401,0.032205,0.024104,0.013394,0.526908,0.001762,0.041909,16.019619,3,209,3.619242,0.012064,0.009477,0.006263,0.070212,0.000235,0.015298,5.149015,0,160,10.046513,0.033488,0.025878,0.015242,0.640694,0.002143,0.046213,16.945112,12,208,3.825681,0.012752,0.009836,0.006799,0.094677,0.000317,0.017765,6.474507,0,191,9.558454,0.031862,0.024136,0.01596,0.493393,0.00165,0.040554,14.717661,1,192,9.983747,0.033279,0.025401,0.016338,1.035828,0.003464,0.04364,16.186276
25.350809,0.084503,0.068439,0.03952,4.047373,0.013536,0.116152,38.243153,76,179,13.715019,0.045717,0.036339,0.024123,1.26558,0.004233,0.064951,23.835286,28,218,12.36049,0.041202,0.031516,0.020597,0.888434,0.002971,0.054419,20.149024,13,204,5.889351,0.019631,0.015158,0.009505,0.202255,0.000676,0.025965,9.278434,0,193,3.154878,0.010516,0.008019,0.005433,0.056454,0.000189,0.013718,5.10195,0,191,2.650556,0.008835,0.006271,0.004189,0.041536,0.000139,0.011767,3.976473,0,171,6.752666,0.022509,0.015767,0.010444,0.478142,0.001599,0.039922,10.752924,6,186,9.325158,0.031084,0.024343,0.015263,0.541523,0.001811,0.042486,14.690199,8,187,9.899866,0.033,0.025732,0.016134,0.940162,0.003144,0.046172,15.75343
38.504401,0.128348,0.097065,0.065263,8.234387,0.02754,0.165674,65.564713,106,216,8.671919,0.028906,0.022069,0.016912,0.42577,0.001424,0.037673,13.949021,4,201,18.320885,0.06107,0.046854,0.034458,1.919519,0.00642,0.07999,30.521563,34,203,22.244332,0.074148,0.0572,0.041695,2.784797,0.009314,0.096347,36.80785,60,201,7.859733,0.026199,0.020202,0.014437,0.331426,0.001108,0.033238,12.254903,0,188,2.976049,0.00992,0.007597,0.005501,0.04656,0.000156,0.012458,4.498046,0,177,2.878647,0.009595,0.007352,0.005352,0.049618,0.000166,0.012861,4.376461,0,166,13.993947,0.046646,0.035449,0.024524,1.037648,0.00347,0.058812,22.976469,15,200,14.431239,0.048104,0.036723,0.026018,1.853716,0.0062,0.062131,23.868628
16.998243,0.056661,0.034853,0.013219,2.191684,0.00733,0.085473,27.980403,46,205,7.285012,0.024283,0.019428,0.015263,0.50864,0.001701,0.041176,12.666657,10,208,5.576827,0.018589,0.01666,0.014813,0.490452,0.00164,0.040433,9.125472,9,167,3.257122,0.010857,0.00896,0.007043,0.077709,0.00026,0.016094,4.976477,0,172,2.433552,0.008112,0.006808,0.005283,0.035548,0.000119,0.010885,3.701945,0,176,9.321843,0.031073,0.028023,0.024222,0.841817,0.002815,0.052972,15.980398,15,195,6.048372,0.020161,0.014305,0.00972,0.289533,0.000968,0.031066,10.501958,4,196,8.393194,0.027977,0.018496,0.008965,0.448949,0.001502,0.038685,12.73334,3,187,7.414271,0.024714,0.018442,0.012316,0.610542,0.002042,0.039598,12.208331
20.775364,0.069251,0.052636,0.038258,2.395998,0.008013,0.089368,35.329415,51,209,2.738664,0.009129,0.00676,0.00406,0.045106,0.000151,0.012262,4.635288,0,201,1.471065,0.004904,0.003762,0.002839,0.013072,0.000044,0.006601,2.239189,0,160,1.706926,0.00569,0.004419,0.00325,0.01745,0.000058,0.007627,2.705915,0,166,1.153151,0.003844,0.002881,0.002017,0.007131,0.000024,0.004875,1.568619,0,124,2.19172,0.007306,0.005486,0.003644,0.028038,0.000094,0.009667,3.415683,0,169,6.002973,0.02001,0.014898,0.012267,0.319246,0.001068,0.032621,9.894104,6,186,9.518478,0.031728,0.024104,0.016874,0.492537,0.001647,0.040519,15.282352,1,207,5.694793,0.018983,0.014368,0.010401,0.414822,0.001387,0.025443,9.383821
21.874508,0.072915,0.053512,0.033616,2.701503,0.009035,0.094895,35.843128,65,213,2.891583,0.009639,0.007186,0.004936,0.048192,0.000161,0.012674,4.450984,0,175,5.408795,0.018029,0.013447,0.008601,0.169158,0.000566,0.023746,8.439219,0,178,5.275046,0.017583,0.013195,0.009101,0.159506,0.000533,0.023058,8.600021,0,203,2.5001,0.008334,0.00615,0.003985,0.03418,0.000114,0.010674,3.6196,0,167,2.062379,0.006875,0.004911,0.002947,0.025117,0.000084,0.00915,3.25099,0,164,3.73139,0.012438,0.00884,0.005224,0.11117,0.000372,0.01925,6.121558,0,176,7.382808,0.024609,0.018152,0.010548,0.329872,0.001103,0.03316,12.215691,1,203,6.390826,0.021303,0.015674,0.00987,0.447337,0.001496,0.028326,10.317649
22.561728,0.075206,0.059306,0.052167,3.490681,0.011675,0.107868,37.313731,51,209,4.48502,0.01495,0.011252,0.008472,0.125618,0.00042,0.020463,7.023519,0,190,6.49047,0.021635,0.016294,0.010752,0.246225,0.000823,0.028649,10.752939,1,207,6.302133,0.021007,0.016059,0.011028,0.237238,0.000793,0.028121,10.709794,2,208,2.484283,0.008281,0.00622,0.004138,0.031871,0.000107,0.010307,3.64704,0,164,1.839342,0.006131,0.004526,0.002975,0.018073,0.00006,0.007762,2.600016,0,157,4.312619,0.014375,0.01038,0.006828,0.136267,0.000456,0.021313,7.207837,0,191,6.853611,0.022845,0.017131,0.014285,0.287864,0.000963,0.030977,10.192165,1,176,6.916151,0.023054,0.017646,0.013831,0.57173,0.001912,0.031932,11.18088
23.410667,0.078036,0.05642,0.030058,3.127262,0.010459,0.102099,38.08629,53,216,3.193563,0.010645,0.007668,0.003802,0.062801,0.00021,0.014469,5.0353,0,189,2.374447,0.007915,0.005782,0.002664,0.044762,0.00015,0.012215,3.556841,0,157,2.160127,0.0072,0.005174,0.002111,0.033123,0.000111,0.010508,3.243162,0,167,1.244487,0.004148,0.003098,0.001812,0.009222,0.000031,0.005544,1.560755,0,107,1.730004,0.005767,0.00422,0.002026,0.023143,0.000077,0.008783,2.564702,0,150,8.011246,0.026704,0.018967,0.009865,0.467385,0.001563,0.039471,13.921563,5,211,10.354191,0.034514,0.025836,0.016319,0.61676,0.002063,0.045342,16.560773,3,198,6.559842,0.021866,0.015896,0.008582,0.548057,0.001833,0.029804,10.566173
17.203924,0.057346,0.043109,0.026727,1.621166,0.005422,0.073511,27.592139,35,203,2.840591,0.009469,0.007261,0.004749,0.045987,0.000154,0.012381,3.972545,0,161,3.954182,0.013181,0.009983,0.006829,0.097778,0.000327,0.018053,6.333332,1,197,4.085275,0.013618,0.010186,0.006575,0.09204,0.000308,0.017516,6.411786,0,196,2.146554,0.007155,0.005321,0.003131,0.024294,0.000081,0.008999,2.917632,0,157,2.047456,0.006825,0.005128,0.003194,0.022254,0.000074,0.008613,2.615688,0,136,6.588723,0.021962,0.017054,0.01245,0.324493,0.001085,0.032888,11.431371,2,193,10.595757,0.035319,0.026515,0.017108,0.634769,0.002123,0.045999,17.760788,1,219,6.182808,0.020609,0.01557,0.010095,0.357848,0.001197,0.027245,9.87941
12.569575,0.041899,0.03075,0.018326,0.994207,0.003325,0.057568,20.639209,16,208,3.396082,0.01132,0.009038,0.006487,0.111602,0.000373,0.019288,5.443139,2,179,4.200276,0.014001,0.010426,0.006619,0.101556,0.00034,0.018399,6.686278,0,196,3.556865,0.011856,0.009123,0.00647,0.094972,0.000318,0.017792,5.588256,1,194,1.968699,0.006562,0.004967,0.003394,0.023521,0.000079,0.008855,2.839194,0,163,1.52994,0.0051,0.003939,0.002698,0.012999,0.000043,0.006582,2.133339,0,145,1.537794,0.005126,0.003855,0.002538,0.013011,0.000044,0.006586,2.156839,0,130,8.643765,0.028813,0.022053,0.015031,0.419821,0.001404,0.037409,13.854907,3,195,4.675375,0.015585,0.011769,0.007695,0.221461,0.000741,0.02156,7.417645
14.410561,0.048035,0.035329,0.022952,1.100368,0.00368,0.060563,21.309817,19,184,2.719004,0.009063,0.006781,0.004233,0.041835,0.00014,0.011809,4.239193,0,175,3.119365,0.010398,0.00758,0.005087,0.061492,0.000206,0.014317,5.074503,0,187,2.903185,0.009677,0.006985,0.004261,0.049726,0.000166,0.012875,4.603937,0,176,1.339076,0.004464,0.003252,0.002055,0.009754,0.000033,0.005702,1.909777,0,152,1.066756,0.003556,0.002578,0.001673,0.005956,0.00002,0.004456,1.423512,0,127,1.218217,0.004061,0.003101,0.002016,0.008471,0.000028,0.005314,1.803902,0,143,4.491652,0.014972,0.010944,0.00695,0.111782,0.000374,0.019303,6.945098,0,189,3.908477,0.013028,0.009569,0.006154,0.173673,0.000581,0.016792,5.913717
16.800291,0.056001,0.040861,0.02142,1.759739,0.005885,0.076588,28.400015,43,212,2.515131,0.008384,0.00625,0.003571,0.03471,0.000116,0.010756,3.901961,0,186,4.275555,0.014252,0.010983,0.007584,0.104983,0.000351,0.018707,6.980384,0,187,4.825419,0.016085,0.012095,0.008072,0.130391,0.000436,0.020848,8.090208,0,198,2.441156,0.008137,0.006232,0.004222,0.031266,0.000105,0.010209,3.647049,0,160,2.482545,0.008275,0.006187,0.003631,0.03822,0.000128,0.011287,3.901967,0,168,1.725022,0.00575,0.00425,0.002499,0.018483,0.000062,0.007849,2.447023,0,135,6.247139,0.020824,0.015336,0.007347,0.291226,0.000974,0.031157,9.474514,1,175,5.164032,0.017213,0.012774,0.007293,0.301127,0.001007,0.023425,8.35539
64.72644,0.215755,0.167441,0.120777,20.082212,0.067165,0.258729,101.2353,138,217,13.322923,0.04441,0.036189,0.029407,1.175419,0.003931,0.062594,20.690181,19,216,26.290091,0.087634,0.070627,0.054866,3.756398,0.012563,0.111899,42.66273,80,203,36.02694,0.12009,0.097442,0.080005,7.103909,0.023759,0.153882,56.32157,100,190,28.155597,0.093852,0.074663,0.059467,4.726303,0.015807,0.125516,41.247057,69,185,24.93341,0.083111,0.064337,0.047548,3.273473,0.010948,0.104458,39.878443,70,202,56.290038,0.187633,0.146018,0.111249,15.787362,0.052801,0.2294,96.733337,142,234,31.465913,0.104886,0.081534,0.064274,5.333143,0.017837,0.133331,51.764707,87,222,35.151419,0.117171,0.092281,0.070949,7.654777,0.025601,0.147476,56.316666
19.670041,0.065567,0.053698,0.038029,2.52199,0.008435,0.091688,31.423538,49,203,3.635375,0.012118,0.009003,0.005672,0.078447,0.000262,0.016171,5.466671,0,176,4.291136,0.014304,0.010277,0.006682,0.13396,0.000448,0.021131,6.745087,1,181,4.164721,0.013882,0.010658,0.007126,0.094798,0.000317,0.017776,5.972554,0,166,2.702272,0.009008,0.00694,0.004988,0.037866,0.000127,0.011235,3.33332,0,128,2.757137,0.00919,0.006821,0.00399,0.040924,0.000137,0.01168,3.929431,0,169,5.703115,0.01901,0.014454,0.009601,0.280621,0.000939,0.030584,9.694122,2,195,6.966497,0.023222,0.018702,0.01333,0.291348,0.000974,0.031163,10.584322,1,186,6.236287,0.020788,0.016319,0.011177,0.434994,0.001455,0.028929,9.643631
23.914664,0.079716,0.059813,0.038794,3.005153,0.010051,0.100086,36.73333,67,194,3.108552,0.010362,0.007664,0.005077,0.050406,0.000169,0.012962,4.8549,0,191,4.729788,0.015766,0.012229,0.009311,0.126329,0.000423,0.020521,7.466672,0,195,7.567604,0.025225,0.019047,0.013193,0.289417,0.000968,0.03106,11.678428,0,186,3.390543,0.011302,0.00863,0.006085,0.058351,0.000195,0.013946,4.827471,0,168,4.396138,0.014654,0.010814,0.0065,0.10908,0.000365,0.019068,7.349016,0,195,7.7516,0.025839,0.020016,0.015438,0.430275,0.001439,0.037871,13.411775,7,222,10.15144,0.033838,0.025414,0.018072,0.625913,0.002093,0.045677,15.572553,9,193,8.126291,0.027088,0.020453,0.014059,0.586866,0.001963,0.035149,12.736768
17.595247,0.058651,0.04468,0.034926,1.781005,0.005957,0.07705,29.121572,35,201,2.492919,0.00831,0.006309,0.004599,0.033377,0.000112,0.010548,3.784316,0,181,1.333524,0.004445,0.003226,0.001945,0.010013,0.000033,0.005777,1.999974,0,151,1.203089,0.00401,0.002979,0.00203,0.007441,0.000025,0.00498,1.639275,0,141,1.085092,0.003617,0.002686,0.001695,0.006188,0.000021,0.004542,1.576447,0,147,1.19639,0.003988,0.003004,0.001907,0.00838,0.000028,0.005285,1.658824,0,133,1.300069,0.004334,0.003302,0.002253,0.009625,0.000032,0.005664,1.972526,0,148,5.157488,0.017192,0.012948,0.009264,0.147103,0.000492,0.022144,7.792162,1,184,3.920477,0.013068,0.009892,0.007328,0.250392,0.000837,0.016999,6.193137
18.283961,0.060947,0.043686,0.02683,1.818355,0.006081,0.077854,29.160806,38,199,11.588226,0.038627,0.028356,0.023265,0.94356,0.003156,0.056082,18.854907,18,207,9.996843,0.033323,0.02427,0.019086,0.569023,0.001903,0.043552,17.04313,5,218,9.021316,0.030071,0.022652,0.015993,0.45093,0.001508,0.03877,15.011761,1,200,4.61762,0.015392,0.011387,0.008702,0.120933,0.000404,0.020078,6.831372,0,166,8.102718,0.027009,0.01958,0.013136,0.361265,0.001208,0.034702,12.772559,1,186,35.304383,0.117681,0.087049,0.059439,6.678434,0.022336,0.149203,57.17647,106,208,11.917318,0.039724,0.028675,0.019044,0.824193,0.002756,0.052415,19.16471,9,201,13.604048,0.045347,0.033207,0.023187,1.470837,0.004919,0.059082,22.001964
39.11532,0.130384,0.098045,0.065856,8.314148,0.027807,0.166475,62.972548,109,206,8.165998,0.02722,0.021618,0.015945,0.375798,0.001257,0.035393,13.101959,2,213,9.914005,0.033047,0.025027,0.015632,0.534195,0.001787,0.042198,15.866656,4,204,8.575809,0.028586,0.021869,0.014411,0.396037,0.001325,0.036334,13.447072,0,193,3.6084,0.012028,0.008932,0.005709,0.067312,0.000225,0.014979,4.792175,0,169,3.031016,0.010103,0.00763,0.004982,0.05224,0.000175,0.013196,4.639224,0,174,10.776466,0.035922,0.025981,0.016347,0.703413,0.002353,0.048422,17.53726,7,201,13.315101,0.044384,0.032899,0.022819,0.983556,0.003289,0.057258,21.349019,9,198,12.062764,0.040209,0.03025,0.020213,1.428338,0.004777,0.051782,19.213239
20.251931,0.067506,0.049379,0.032852,2.212776,0.007401,0.085883,32.282357,47,209,3.397434,0.011325,0.008563,0.006144,0.060105,0.000201,0.014154,5.000004,0,169,7.915164,0.026384,0.020533,0.015588,0.35971,0.001203,0.034627,13.03137,2,199,9.032572,0.030109,0.022356,0.017673,0.521028,0.001743,0.041674,15.113725,5,212,6.033793,0.020113,0.015707,0.012103,0.197519,0.000661,0.025659,9.976472,0,196,17.207503,0.057358,0.043525,0.030885,1.621387,0.005423,0.073516,28.623535,32,204,12.883186,0.042944,0.03231,0.022334,1.02491,0.003428,0.05845,21.592161,19,200,11.355361,0.037851,0.027298,0.017883,0.709474,0.002373,0.04863,17.90981,3,197,11.009618,0.036699,0.027459,0.019433,0.838364,0.002804,0.047824,17.941179
10.233828,0.034113,0.021568,-0.001291,1.502925,0.005027,0.07078,16.556883,25,177,3.620992,0.01207,0.008426,0.004575,0.079687,0.000267,0.016298,5.784317,0,190,8.562505,0.028542,0.019358,0.006782,0.543,0.001816,0.042544,13.47842,9,187,13.925833,0.046419,0.032853,0.014125,1.508417,0.005045,0.070909,22.301949,24,204,6.682782,0.022276,0.015827,0.007221,0.298198,0.000997,0.031528,9.93333,2,188,24.027033,0.08009,0.062649,0.042067,3.461928,0.011578,0.107423,39.243128,60,207,16.626624,0.055422,0.0406,0.027352,1.751726,0.005859,0.076414,26.925501,27,212,8.000417,0.026668,0.01917,0.007434,0.515813,0.001725,0.041465,11.823541,6,184,11.460002,0.0382,0.027557,0.013533,1.207712,0.004039,0.05717,18.255884
36.309246,0.121031,0.094337,0.066658,7.208461,0.024109,0.15501,59.921573,91,212,5.53988,0.018466,0.014546,0.011236,0.159862,0.000535,0.023084,8.066663,0,183,16.479583,0.054932,0.043558,0.034386,1.553955,0.005197,0.071971,27.227446,27,205,16.240762,0.054136,0.042008,0.035743,1.515963,0.00507,0.071086,25.913719,28,204,13.457442,0.044858,0.037725,0.034909,1.266082,0.004234,0.064964,21.380392,18,196,12.411967,0.041373,0.033324,0.02531,0.919841,0.003076,0.055373,20.305888,18,199,37.614176,0.125381,0.100166,0.074326,8.002645,0.026765,0.163326,59.619592,101,205,18.514141,0.061714,0.048109,0.035461,1.890991,0.006324,0.079393,30.18825,33,207,19.5709,0.065236,0.051721,0.039754,2.814725,0.009414,0.085526,31.57794
17.833535,0.059445,0.04672,0.027126,2.16063,0.007226,0.084865,27.98432,42,205,5.987018,0.019957,0.013324,0.010741,0.371657,0.001243,0.035197,9.7804,5,192,7.498409,0.024995,0.017263,0.013193,0.54533,0.001824,0.042635,12.054903,6,188,3.760103,0.012534,0.009741,0.007886,0.084593,0.000283,0.016792,5.552951,0,189,2.550841,0.008503,0.006548,0.004971,0.035568,0.000119,0.010888,3.937251,0,176,2.831431,0.009438,0.007383,0.005833,0.045783,0.000153,0.012353,4.537263,0,185,5.430266,0.018101,0.014393,0.011348,0.234773,0.000785,0.027975,9.019606,2,188,8.409624,0.028032,0.02268,0.016949,0.414981,0.001388,0.037192,12.717629,3,186,6.787653,0.022626,0.017257,0.012256,0.486664,0.001628,0.033487,10.69804
8.266404,0.027555,0.019767,0.011536,0.503944,0.001685,0.040986,13.2706,8,193,1.732167,0.005774,0.004422,0.002735,0.017362,0.000058,0.007608,2.498012,0,151,1.861391,0.006205,0.004576,0.002011,0.025278,0.000085,0.009179,2.870559,0,149,2.316315,0.007721,0.005432,0.001509,0.051132,0.000171,0.013055,3.474547,0,143,1.792485,0.005975,0.004554,0.002326,0.021114,0.000071,0.008389,2.819599,0,163,10.816019,0.036053,0.026945,0.009555,1.076217,0.003599,0.059895,18.678427,19,189,6.430601,0.021435,0.016224,0.007816,0.430928,0.001441,0.0379,10.75686,6,193,3.782599,0.012609,0.009117,0.006476,0.082306,0.000275,0.016564,5.478449,0,175,4.624748,0.015416,0.011379,0.005495,0.276035,0.000923,0.024197,7.480882
8.266404,0.027555,0.019767,0.011536,0.503944,0.001685,0.040986,13.2706,8,193,1.732167,0.005774,0.004422,0.002735,0.017362,0.000058,0.007608,2.498012,0,151,1.861391,0.006205,0.004576,0.002011,0.025278,0.000085,0.009179,2.870559,0,149,2.316315,0.007721,0.005432,0.001509,0.051132,0.000171,0.013055,3.474547,0,143,1.792485,0.005975,0.004554,0.002326,0.021114,0.000071,0.008389,2.819599,0,163,10.816019,0.036053,0.026945,0.009555,1.076217,0.003599,0.059895,18.678427,19,189,6.430601,0.021435,0.016224,0.007816,0.430928,0.001441,0.0379,10.75686,6,193,3.782599,0.012609,0.009117,0.006476,0.082306,0.000275,0.016564,5.478449,0,175,4.624748,0.015416,0.011379,0.005495,0.276035,0.000923,0.024197,7.480882
10.453323,0.034844,0.021956,0.015551,1.461098,0.004887,0.069788,16.125501,18,186,8.969934,0.0299,0.022345,0.014438,0.460791,0.001541,0.039191,12.384307,4,200,13.383639,0.044612,0.031156,0.016238,0.996877,0.003334,0.057645,20.760782,15,193,13.627109,0.045424,0.031973,0.026109,1.359634,0.004547,0.067321,21.705881,16,208,13.085565,0.043619,0.032095,0.0285,1.403988,0.004696,0.06841,19.329429,16,191,13.34819,0.044494,0.03255,0.028957,1.432935,0.004792,0.069112,22.321564,24,206,30.812924,0.10271,0.076957,0.06999,6.291621,0.021042,0.144817,50.486258,86,219,9.511809,0.031706,0.021755,0.017292,0.862219,0.002884,0.05361,14.964712,15,194,14.149062,0.047164,0.033848,0.027134,1.783645,0.005965,0.071237,22.259804
8.266404,0.027555,0.019767,0.011536,0.503944,0.001685,0.040986,13.2706,8,193,1.732167,0.005774,0.004422,0.002735,0.017362,0.000058,0.007608,2.498012,0,151,1.861391,0.006205,0.004576,0.002011,0.025278,0.000085,0.009179,2.870559,0,149,2.316315,0.007721,0.005432,0.001509,0.051132,0.000171,0.013055,3.474547,0,143,1.792485,0.005975,0.004554,0.002326,0.021114,0.000071,0.008389,2.819599,0,163,10.816019,0.036053,0.026945,0.009555,1.076217,0.003599,0.059895,18.678427,19,189,6.430601,0.021435,0.016224,0.007816,0.430928,0.001441,0.0379,10.75686,6,193,3.782599,0.012609,0.009117,0.006476,0.082306,0.000275,0.016564,5.478449,0,175,4.624748,0.015416,0.011379,0.005495,0.276035,0.000923,0.024197,7.480882
8.266404,0.027555,0.019767,0.011536,0.503944,0.001685,0.040986,13.2706,8,193,1.732167,0.005774,0.004422,0.002735,0.017362,0.000058,0.007608,2.498012,0,151,1.861391,0.006205,0.004576,0.002011,0.025278,0.000085,0.009179,2.870559,0,149,2.316315,0.007721,0.005432,0.001509,0.051132,0.000171,0.013055,3.474547,0,143,1.792485,0.005975,0.004554,0.002326,0.021114,0.000071,0.008389,2.819599,0,163,10.816019,0.036053,0.026945,0.009555,1.076217,0.003599,0.059895,18.678427,19,189,6.430601,0.021435,0.016224,0.007816,0.430928,0.001441,0.0379,10.75686,6,193,3.782599,0.012609,0.009117,0.006476,0.082306,0.000275,0.016564,5.478449,0,175,4.624748,0.015416,0.011379,0.005495,0.276035,0.000923,0.024197,7.480882
8.266404,0.027555,0.019767,0.011536,0.503944,0.001685,0.040986,13.2706,8,193,1.732167,0.005774,0.004422,0.002735,0.017362,0.000058,0.007608,2.498012,0,151,1.861391,0.006205,0.004576,0.002011,0.025278,0.000085,0.009179,2.870559,0,149,2.316315,0.007721,0.005432,0.001509,0.051132,0.000171,0.013055,3.474547,0,143,1.792485,0.005975,0.004554,0.002326,0.021114,0.000071,0.008389,2.819599,0,163,10.816019,0.036053,0.026945,0.009555,1.076217,0.003599,0.059895,18.678427,19,189,6.430601,0.021435,0.016224,0.007816,0.430928,0.001441,0.0379,10.75686,6,193,3.782599,0.012609,0.009117,0.006476,0.082306,0.000275,0.016564,5.478449,0,175,4.624748,0.015416,0.011379,0.005495,0.276035,0.000923,0.024197,7.480882
8.266404,0.027555,0.019767,0.011536,0.503944,0.001685,0.040986,13.2706,8,193,1.732167,0.005774,0.004422,0.002735,0.017362,0.000058,0.007608,2.498012,0,151,1.861391,0.006205,0.004576,0.002011,0.025278,0.000085,0.009179,2.870559,0,149,2.316315,0.007721,0.005432,0.001509,0.051132,0.000171,0.013055,3.474547,0,143,1.792485,0.005975,0.004554,0.002326,0.021114,0.000071,0.008389,2.819599,0,163,10.816019,0.036053,0.026945,0.009555,1.076217,0.003599,0.059895,18.678427,19,189,6.430601,0.021435,0.016224,0.007816,0.430928,0.001441,0.0379,10.75686,6,193,3.782599,0.012609,0.009117,0.006476,0.082306,0.000275,0.016564,5.478449,0,175,4.624748,0.015416,0.011379,0.005495,0.276035,0.000923,0.024197,7.480882
8.266404,0.027555,0.019767,0.011536,0.503944,0.001685,0.040986,13.2706,8,193,1.732167,0.005774,0.004422,0.002735,0.017362,0.000058,0.007608,2.498012,0,151,1.861391,0.006205,0.004576,0.002011,0.025278,0.000085,0.009179,2.870559,0,149,2.316315,0.007721,0.005432,0.001509,0.051132,0.000171,0.013055,3.474547,0,143,1.792485,0.005975,0.004554,0.002326,0.021114,0.000071,0.008389,2.819599,0,163,10.816019,0.036053,0.026945,0.009555,1.076217,0.003599,0.059895,18.678427,19,189,6.430601,0.021435,0.016224,0.007816,0.430928,0.001441,0.0379,10.75686,6,193,3.782599,0.012609,0.009117,0.006476,0.082306,0.000275,0.016564,5.478449,0,175,4.624748,0.015416,0.011379,0.005495,0.276035,0.000923,0.024197,7.480882
8.266404,0.027555,0.019767,0.011536,0.503944,0.001685,0.040986,13.2706,8,193,1.732167,0.005774,0.004422,0.002735,0.017362,0.000058,0.007608,2.498012,0,151,1.861391,0.006205,0.004576,0.002011,0.025278,0.000085,0.009179,2.870559,0,149,2.316315,0.007721,0.005432,0.001509,0.051132,0.000171,0.013055,3.474547,0,143,1.792485,0.005975,0.004554,0.002326,0.021114,0.000071,0.008389,2.819599,0,163,10.816019,0.036053,0.026945,0.009555,1.076217,0.003599,0.059895,18.678427,19,189,6.430601,0.021435,0.016224,0.007816,0.430928,0.001441,0.0379,10.75686,6,193,3.782599,0.012609,0.009117,0.006476,0.082306,0.000275,0.016564,5.478449,0,175,4.624748,0.015416,0.011379,0.005495,0.276035,0.000923,0.024197,7.480882
20.307763,0.067693,0.051457,0.032843,2.288564,0.007654,0.087342,33.30981,47,216,2.702072,0.009007,0.006818,0.004734,0.039303,0.000131,0.011446,3.976461,0,166,3.004379,0.010015,0.007244,0.00402,0.050046,0.000167,0.012916,4.690187,0,184,3.078461,0.010262,0.007697,0.004869,0.049924,0.000167,0.0129,4.784331,0,194,2.406885,0.008023,0.005913,0.003835,0.030379,0.000102,0.010063,3.439213,0,177,1.949283,0.006498,0.004749,0.003003,0.019643,0.000066,0.008092,2.686281,0,154,7.979387,0.026598,0.020148,0.013685,0.436263,0.001459,0.038134,13.772555,3,204,9.950263,0.033168,0.025118,0.016351,0.564329,0.001887,0.043372,15.623516,5,188,6.422312,0.021408,0.016143,0.010418,0.434806,0.001454,0.028033,10.285294
13.631663,0.045439,0.033704,0.018978,1.116194,0.003733,0.060997,22.250977,23,206,2.606567,0.008689,0.006348,0.00407,0.042747,0.000143,0.011937,4.070582,0,184,2.241305,0.007471,0.005266,0.003802,0.034311,0.000115,0.010694,3.560756,0,175,1.949041,0.006497,0.004642,0.003193,0.020658,0.000069,0.008298,3.156907,0,176,1.278391,0.004261,0.003146,0.002098,0.008924,0.00003,0.005454,1.933292,0,148,3.439207,0.011464,0.008618,0.006877,0.083955,0.000281,0.016729,5.313738,0,177,10.686608,0.035622,0.027295,0.018396,0.790446,0.002644,0.051331,17.258831,14,201,6.634416,0.022115,0.015394,0.007591,0.289168,0.000967,0.031047,10.419608,1,182,5.3084,0.017695,0.013051,0.008125,0.2983,0.000998,0.024561,8.495586
16.664911,0.05555,0.043356,0.030931,1.568969,0.005247,0.072318,27.364708,43,201,3.971332,0.013238,0.00998,0.006752,0.084342,0.000282,0.016767,6.086277,0,189,5.619697,0.018732,0.01385,0.008419,0.174751,0.000584,0.024135,9.133341,0,184,5.144603,0.017149,0.013066,0.00815,0.185048,0.000619,0.024836,8.301975,1,188,2.74624,0.009154,0.006807,0.004152,0.042309,0.000142,0.011876,4.262726,0,185,2.098227,0.006994,0.005141,0.003089,0.02555,0.000085,0.009229,3.270594,0,174,4.67848,0.015595,0.010168,0.003932,0.223158,0.000746,0.027274,7.741156,2,179,6.330045,0.0211,0.015885,0.010362,0.244839,0.000819,0.028568,9.937266,4,191,5.906692,0.019689,0.014782,0.009473,0.318621,0.001066,0.026875,9.512255
22.359301,0.074531,0.055741,0.035632,2.765937,0.009251,0.09602,36.705894,61,203,3.435366,0.011451,0.008335,0.004913,0.068901,0.00023,0.015155,5.058806,0,179,1.219792,0.004066,0.003043,0.001934,0.008979,0.00003,0.005471,1.796052,0,145,1.253549,0.004178,0.003117,0.002046,0.008671,0.000029,0.005376,1.831425,0,142,1.168835,0.003896,0.002883,0.001823,0.007048,0.000024,0.004847,1.588229,0,133,1.29801,0.004327,0.00318,0.002127,0.008381,0.000028,0.005286,1.858816,0,152,3.321784,0.011073,0.006906,0.003526,0.147022,0.000492,0.022138,5.592143,4,179,9.592992,0.031977,0.024029,0.015586,0.526782,0.001762,0.041904,15.250981,3,205,5.456204,0.018187,0.013404,0.008448,0.442715,0.001481,0.024524,8.710293
24.602718,0.082009,0.062741,0.046079,3.277206,0.010961,0.104518,40.701973,67,210,2.797448,0.009325,0.007173,0.005173,0.041507,0.000139,0.011763,4.419606,0,185,2.358663,0.007862,0.005946,0.003991,0.029846,0.0001,0.009974,3.886244,0,197,4.268038,0.014227,0.010706,0.007184,0.106333,0.000356,0.018827,7.16079,0,198,1.928216,0.006427,0.004697,0.003187,0.020911,0.00007,0.008349,2.799969,0,157,3.730157,0.012434,0.009639,0.006835,0.074757,0.00025,0.015786,5.984313,0,196,11.842307,0.039474,0.029977,0.020037,0.849509,0.002841,0.053214,19.250992,10,199,10.134593,0.033782,0.025747,0.018729,0.55923,0.00187,0.043175,15.843152,1,194,7.707768,0.025693,0.019578,0.013902,0.619912,0.002073,0.033201,12.50588
16.458927,0.054863,0.042019,0.027745,1.38094,0.004619,0.067846,27.568619,24,211,2.015813,0.006719,0.005054,0.003182,0.02213,0.000074,0.008589,3.047041,0,174,1.497459,0.004992,0.003506,0.001692,0.013853,0.000046,0.006795,2.470562,0,173,1.452361,0.004841,0.003398,0.0019,0.011383,0.000038,0.00616,2.082397,0,141,1.16202,0.003873,0.002854,0.001868,0.007356,0.000025,0.004952,1.807812,0,158,1.482531,0.004942,0.003834,0.002748,0.012995,0.000043,0.006581,2.254891,0,156,5.412593,0.018042,0.013193,0.007965,0.206136,0.000689,0.026213,9.33726,1,212,10.466974,0.03489,0.026774,0.01718,0.628679,0.002103,0.045778,16.917665,3,198,4.993585,0.016645,0.012579,0.008035,0.285434,0.000955,0.021614,8.185781
20.859676,0.069532,0.040635,0.012228,3.601996,0.012047,0.109575,34.568629,53,199,7.8654,0.026218,0.021339,0.016103,0.429235,0.001436,0.037826,12.898045,6,199,9.863126,0.032877,0.023954,0.015909,0.631207,0.002111,0.04587,16.31765,9,191,8.3185,0.027728,0.01783,0.008642,0.452674,0.001514,0.038845,13.160788,6,189,3.186366,0.010621,0.007496,0.00463,0.058383,0.000195,0.01395,4.541158,0,162,2.945295,0.009818,0.007337,0.004853,0.049165,0.000164,0.012802,4.61177,0,188,7.759848,0.025866,0.018558,0.0117,0.416904,0.001394,0.037278,13.090198,3,203,9.083398,0.030278,0.020054,0.010665,0.595194,0.001991,0.044542,13.474513,6,188,8.735201,0.029117,0.01965,0.010591,0.779345,0.002607,0.042586,14.082844
